[{"name":"Popular","sort":"-4","type":"category","view":"2","column":1,"target":"","children":[{"name":"Apple","sort":"-1","children":[{"name":"Apple TV","children":[],"oct_pages":[],"href":"http:\/\/showcaseshop.ua\/apple-tv-en"},{"name":"Apple Watch","children":[],"oct_pages":[],"href":"http:\/\/showcaseshop.ua\/apple-watch-en-4"},{"name":"iPad","children":[],"oct_pages":[],"href":"http:\/\/showcaseshop.ua\/ipad-en"},{"name":"iPhone","children":[],"oct_pages":[{"page_group":{"1":"\u041a\u0443\u043f\u0438\u0442\u044c \u043d\u043e\u0432\u044b\u0439 iphone","3":"\u041a\u0443\u043f\u0438\u0442\u0438 \u043d\u043e\u0432\u0438\u0439 iphone","2":"Buy new iphone"},"page_links":[{"1":{"title":"iPhone X","link":"apple-ru-3\/iphone-ru\/serija-iphone-x"},"3":{"title":"iPhone X","link":"apple-ru-3\/iphone-ru\/serija-iphone-x-ua"},"2":{"title":"iPhone X","link":"apple-ru-3\/iphone-ru\/serija-iphone-x-en"}},{"1":{"title":"iPhone XI","link":"apple-ru-3\/iphone-ru\/serija-iphone-xi"},"3":{"title":"iPhone XI","link":"apple-ua-3\/iphone-ua\/serija-iphone-xi-ua"},"2":{"title":"iPhone XI","link":"apple-en-3\/iphone-en\/serija-iphone-xi-en"}},{"1":{"title":" iPhone XI Pro","link":"apple-ru-3\/iphone-ru\/serija-iphone-xi-pro"},"3":{"title":" iPhone XI Pro","link":"apple-ua-3\/iphone-ua\/serija-iphone-xi-pro-ua"},"2":{"title":" iPhone XI Pro","link":"apple-en-3\/iphone-en\/serija-iphone-xi-pro-en"}},{"1":{"title":"iPhone XI Pro Max","link":"apple-ru-3\/iphone-ru\/serija-iphone-xi-pro-max"},"3":{"title":"iPhone XI Pro Max","link":"apple-ua-3\/iphone-ua\/serija-iphone-xi-pro-max-ua"},"2":{"title":"iPhone XI Pro Max","link":"apple-en-3\/iphone-en\/serija-iphone-xi-pro-max-en"}},{"1":{"title":" iPhone Xr","link":"apple-ru-3\/iphone-ru\/serija-iphone-xr"},"3":{"title":" iPhone Xr","link":"apple-ua-3\/iphone-ua\/serija-iphone-xr-ua"},"2":{"title":" iPhone Xr","link":"apple-en-3\/iphone-en\/serija-iphone-xr-en"}},{"1":{"title":" iPhone Xs","link":"apple-ru-3\/iphone-ru\/serija-iphone-xs"},"3":{"title":" iPhone Xs","link":"apple-ua-3\/iphone-ua\/serija-iphone-xs-ua"},"2":{"title":" iPhone Xs","link":"apple-en-3\/iphone-en\/serija-iphone-xs-en"}},{"1":{"title":"iPhone Xs Max","link":"apple-ru-3\/iphone-ru\/serija-iphone-xs-max"},"3":{"title":"iPhone Xs Max","link":"apple-ua-3\/iphone-ua\/serija-iphone-xs-max-ua"},"2":{"title":"iPhone Xs Max","link":"apple-en-3\/iphone-en\/serija-iphone-xs-max-en"}}]},{"page_group":{"1":"\u041f\u043e \u0446\u0435\u043d\u0435","3":"\u0417\u0430 \u0446\u0456\u043d\u043e\u044e","2":"By price"},"page_links":{"7":{"1":{"title":"60 000 - 75 000","link":"apple-ru-3\/iphone-ru\/price-60000-75000"},"3":{"title":"60 000 - 75 000","link":"apple-ua-3\/iphone-ua\/price-60000-75000-ua"},"2":{"title":"60 000 - 75 000","link":"apple-en-3\/iphone-en\/price-60000-75000-en"}},"8":{"1":{"title":"75 000 - 80 000","link":"apple-ru-3\/iphone-ru\/price-75000-80000"},"3":{"title":"75 000 - 80 000","link":"apple-ua-3\/iphone-ua\/price-75000-80000-ua"},"2":{"title":"75 000 - 80 000","link":"apple-en-3\/iphone-en\/price-75000-80000-en"}},"9":{"1":{"title":"80 000 - 85 000","link":"apple-ru-3\/iphone-ru\/price-80000-85000"},"3":{"title":"80 000 - 85 000","link":"apple-ua-3\/iphone-ua\/price-80000-85000-ua"},"2":{"title":"80 000 - 85 000","link":"apple-en-3\/iphone-en\/price-80000-85000-en"}},"10":{"1":{"title":"85 000 - 90 000","link":"apple-ru-3\/iphone-ru\/price-85000-90000"},"3":{"title":"85 000 - 90 000","link":"apple-ua-3\/iphone-ua\/price-85000-90000-ua"},"2":{"title":"85 000 - 90 000","link":"apple-en-3\/iphone-en\/price-85000-90000-en"}},"11":{"1":{"title":"90 000 - 100 000","link":"apple-ru-3\/iphone-ru\/price-90000-100000"},"3":{"title":"90 000 - 100 000","link":"apple-ua-3\/iphone-ua\/price-90000-100000-ua"},"2":{"title":"90 000 - 100 000","link":"apple-en-3\/iphone-en\/price-90000-100000-en"}},"12":{"1":{"title":"100 000 - 115 000","link":"apple-ru-3\/iphone-ru\/price-100000-115000"},"3":{"title":"100 000 - 115 000","link":"apple-ua-3\/iphone-ua\/price-100000-115000-ua"},"2":{"title":"100 000 - 115 000","link":"apple-en-3\/iphone-en\/price-100000-115000-en"}}}},{"page_group":{"1":"\u041e\u0431\u044a\u0435\u043c \u043f\u0430\u043c\u044f\u0442\u0438","3":"\u041e\u0431\u0441\u044f\u0433 \u043f\u0430\u043c'\u044f\u0442\u0456","2":"Memory size"},"page_links":{"13":{"1":{"title":"64 \u0413\u0411","link":"apple-ru-3\/iphone-ru\/vstroennaja-pamjat-rom-64-gb"},"3":{"title":"64 \u0413\u0411","link":"apple-ua-3\/iphone-ua\/vstroennaja-pamjat-rom-64-gb-ua"},"2":{"title":"64 gb","link":"apple-en-3\/iphone-en\/vstroennaja-pamjat-rom-64-gb-en"}},"14":{"1":{"title":"128 \u0413\u0411","link":"apple-ru-3\/iphone-ru\/vstroennaja-pamjat-rom-128-gb"},"3":{"title":"128 \u0413\u0411","link":"apple-ua-3\/iphone-ua\/vstroennaja-pamjat-rom-128-gb-ua"},"2":{"title":"128 gb","link":"apple-en-3\/iphone-en\/vstroennaja-pamjat-rom-128-gb-en"}},"15":{"1":{"title":"256  \u0413\u0411","link":"apple-ru-3\/iphone-ru\/vstroennaja-pamjat-rom-256-gb"},"3":{"title":"256 \u0413\u0411","link":"apple-ua-3\/iphone-ua\/vstroennaja-pamjat-rom-256-gb-ua"},"2":{"title":"256  gb","link":"apple-en-3\/iphone-en\/vstroennaja-pamjat-rom-256-gb-en"}},"16":{"1":{"title":"512  \u0413\u0411","link":"apple-ru-3\/iphone-ru\/vstroennaja-pamjat-rom-512-gb"},"3":{"title":"512  \u0413\u0411","link":"apple-ua-3\/iphone-ua\/vstroennaja-pamjat-rom-512-gb-ua"},"2":{"title":"512  gb","link":"apple-en-3\/iphone-en\/vstroennaja-pamjat-rom-512-gb-en"}}}},{"page_group":{"1":"\u0414\u0438\u0430\u0433\u043e\u043d\u0430\u043b\u044c \u044d\u043a\u0440\u0430\u043d\u0430","3":"\u0414\u0456\u0430\u0433\u043e\u043d\u0430\u043b\u044c \u0435\u043a\u0440\u0430\u043d\u0443","2":"Screen diagonal"},"page_links":{"17":{"1":{"title":"5.8&quot;(14.5 \u0441\u043c)","link":"apple-ru-3\/iphone-ru\/diagonal-5-8"},"3":{"title":"5.8&quot;(14.5 \u0441\u043c)","link":"apple-ua-3\/iphone-ua\/diagonal-5-8-ua"},"2":{"title":"5.8&quot;(14.5 \u0441\u043c)","link":"apple-en-3\/iphone-en\/diagonal-5-8-en"}},"18":{"1":{"title":"6.1&quot;(15.3 \u0441\u043c)","link":"apple-ru-3\/iphone-ru\/diagonal-6-1-153"},"3":{"title":"6.1&quot;(15.3 \u0441\u043c)","link":"apple-ua-3\/iphone-ua\/diagonal-6-1-153-ua"},"2":{"title":"6.1&quot;(15.3 \u0441\u043c)","link":"apple-en-3\/iphone-en\/diagonal-6-1-153-en"}},"19":{"1":{"title":"6.1&quot;(15.5 \u0441\u043c)","link":"apple-ru-3\/iphone-ru\/diagonal-6-1-155"},"3":{"title":"6.1&quot;(15.5 \u0441\u043c)","link":"apple-ua-3\/iphone-ua\/diagonal-6-1-155-ua"},"2":{"title":"6.1&quot;(15.5 \u0441\u043c)","link":"apple-en-3\/iphone-en\/diagonal-6-1-155-en"}},"20":{"1":{"title":"6.5&quot;(16.5 \u0441\u043c)","link":"apple-ru-3\/iphone-ru\/diagonal-6-5"},"3":{"title":"6.5&quot;(16.5 \u0441\u043c)","link":"apple-ua-3\/iphone-ua\/diagonal-6-5-ua"},"2":{"title":"6.5&quot;(16.5 \u0441\u043c)","link":"apple-en-3\/iphone-en\/diagonal-6-5-en"}}}}],"href":"http:\/\/showcaseshop.ua\/iphone-en"},{"name":"iPod","children":[],"oct_pages":[],"href":"http:\/\/showcaseshop.ua\/ipod-en"},{"name":"Mac","children":[],"oct_pages":[],"href":"http:\/\/showcaseshop.ua\/mac-en"},{"name":"MacBook","children":[],"oct_pages":[],"href":"http:\/\/showcaseshop.ua\/macbook-en-2"},{"name":"Beats","children":[],"oct_pages":[],"href":"http:\/\/showcaseshop.ua\/beats-en-1"}],"oct_pages":[],"oct_image":false,"width":"70","height":"70","href":"http:\/\/showcaseshop.ua\/apple-en-3"},{"name":"For Women","sort":"0","children":[{"name":"Underwear","children":[],"oct_pages":[],"href":"http:\/\/showcaseshop.ua\/underwear-en-4"},{"name":"Dresses","children":[],"oct_pages":[],"href":"http:\/\/showcaseshop.ua\/dresses-en-4"},{"name":"Sport","children":[],"oct_pages":[],"href":"http:\/\/showcaseshop.ua\/sport-en-4"},{"name":"Outwear","children":[],"oct_pages":[],"href":"http:\/\/showcaseshop.ua\/outwear-en-4"},{"name":"Shoes","children":[],"oct_pages":[],"href":"http:\/\/showcaseshop.ua\/shoes-en-4"},{"name":"Accessories ","children":[],"oct_pages":[],"href":"http:\/\/showcaseshop.ua\/accessories-en-4"},{"name":"Perfumery","children":[],"oct_pages":[],"href":"http:\/\/showcaseshop.ua\/perfumery-en-4"}],"oct_pages":[],"oct_image":false,"width":"70","height":"70","href":"http:\/\/showcaseshop.ua\/for-women-en-3"},{"name":"Gadgets","sort":"0","children":[{"name":"Accessories for smartphones","children":[],"oct_pages":[],"href":"http:\/\/showcaseshop.ua\/accessories-for-smartphones-en-1"},{"name":"Gyroscope","children":[],"oct_pages":[],"href":"http:\/\/showcaseshop.ua\/gyroscope-en-1"},{"name":"Quadcopters","children":[],"oct_pages":[],"href":"http:\/\/showcaseshop.ua\/quadcopters-en-4"},{"name":"Smart scales","children":[],"oct_pages":[],"href":"http:\/\/showcaseshop.ua\/smart-scales-en-4"},{"name":"Fitness trackers","children":[],"oct_pages":[],"href":"http:\/\/showcaseshop.ua\/fitness-trackers-en-4"},{"name":"Smart watches","children":[],"oct_pages":[],"href":"http:\/\/showcaseshop.ua\/smart-watches-en-4"},{"name":"Bluetooth speakers","children":[],"oct_pages":[],"href":"http:\/\/showcaseshop.ua\/bluetooth-speakers-en-4"}],"oct_pages":[],"oct_image":false,"width":"70","height":"70","href":"http:\/\/showcaseshop.ua\/gadgets-en-3"},{"name":"Interior","sort":"0","children":[{"name":"Accessories","children":[{"name":"Candlesticks","oct_pages":[],"href":"http:\/\/showcaseshop.ua\/candlesticks-en-3"},{"name":"Clock","oct_pages":[],"href":"http:\/\/showcaseshop.ua\/clock-en-3"},{"name":"Decor","oct_pages":[],"href":"http:\/\/showcaseshop.ua\/decor-en-3"},{"name":"Mirrors","oct_pages":[],"href":"http:\/\/showcaseshop.ua\/mirrors-en-3"}],"oct_pages":[],"href":"http:\/\/showcaseshop.ua\/accessories-en-3"},{"name":"Furniture","children":[{"name":"Armchairs","oct_pages":[],"href":"http:\/\/showcaseshop.ua\/armchairs-en-3"},{"name":"Chairs","oct_pages":[],"href":"http:\/\/showcaseshop.ua\/chairs-en-3"},{"name":"Sofas","oct_pages":[],"href":"http:\/\/showcaseshop.ua\/sofas-en-3"},{"name":"Tables","oct_pages":[],"href":"http:\/\/showcaseshop.ua\/tables-en-3"}],"oct_pages":[],"href":"http:\/\/showcaseshop.ua\/furniture-en-3"},{"name":"Light","children":[{"name":"Chandeliers","oct_pages":[],"href":"http:\/\/showcaseshop.ua\/chandeliers-en-3"},{"name":"Floor lamps","oct_pages":[],"href":"http:\/\/showcaseshop.ua\/floor-lamps-en-3"},{"name":"Sconces","oct_pages":[],"href":"http:\/\/showcaseshop.ua\/sconces-en-3"},{"name":"Table lamps","oct_pages":[],"href":"http:\/\/showcaseshop.ua\/table-lamps-en-3"}],"oct_pages":[],"href":"http:\/\/showcaseshop.ua\/light-en-3"},{"name":"Sanitary engineering","children":[{"name":"Baths","oct_pages":[],"href":"http:\/\/showcaseshop.ua\/baths-en-3"},{"name":"Cabins","oct_pages":[],"href":"http:\/\/showcaseshop.ua\/cabins-en-3"},{"name":"Furniture","oct_pages":[],"href":"http:\/\/showcaseshop.ua\/furniture-en-4"},{"name":"Mixers","oct_pages":[],"href":"http:\/\/showcaseshop.ua\/mixers-en-3"}],"oct_pages":[],"href":"http:\/\/showcaseshop.ua\/sanitary-engineering-en-3"}],"oct_pages":[],"oct_image":false,"width":"70","height":"70","href":"http:\/\/showcaseshop.ua\/interior-en-3"},{"name":"Kitchen Appliances","sort":"0","children":[{"name":"Buckets english","children":[],"oct_pages":[],"href":"http:\/\/showcaseshop.ua\/buckets-english-en"},{"name":"Containers for food","children":[],"oct_pages":[],"href":"http:\/\/showcaseshop.ua\/containers-for-food-en-3"},{"name":"Forms for baking","children":[],"oct_pages":[],"href":"http:\/\/showcaseshop.ua\/forms-for-baking-en-3"},{"name":"Kitchen accessories","children":[],"oct_pages":[],"href":"http:\/\/showcaseshop.ua\/kitchen-accessories-en-3"},{"name":"Kitchen knives and cutlery sets","children":[],"oct_pages":[],"href":"http:\/\/showcaseshop.ua\/kitchen-knives-and-cutlery-sets-en-2"},{"name":"Pans","children":[],"oct_pages":[],"href":"http:\/\/showcaseshop.ua\/pans-en-3"},{"name":"Pots","children":[],"oct_pages":[],"href":"http:\/\/showcaseshop.ua\/pots-en-3"},{"name":"Products","children":[{"name":"Bread","oct_pages":[],"href":"http:\/\/showcaseshop.ua\/bread-en-4"},{"name":"Canned food","oct_pages":[],"href":"http:\/\/showcaseshop.ua\/canned-food-en-4"},{"name":"Cheeses","oct_pages":[],"href":"http:\/\/showcaseshop.ua\/cheeses-en-4"},{"name":"Chemistry","oct_pages":[],"href":"http:\/\/showcaseshop.ua\/chemistry-en-4"},{"name":"Chocolate","oct_pages":[],"href":"http:\/\/showcaseshop.ua\/chocolate-en-4"},{"name":"Coffee","oct_pages":[],"href":"http:\/\/showcaseshop.ua\/coffee-en-4"},{"name":"Frozen products","oct_pages":[],"href":"http:\/\/showcaseshop.ua\/frozen-products-en-4"},{"name":"Fruits","oct_pages":[],"href":"http:\/\/showcaseshop.ua\/fruits-en-4"},{"name":"Grocery","oct_pages":[],"href":"http:\/\/showcaseshop.ua\/grocery-en-4"},{"name":"Lemonade","oct_pages":[],"href":"http:\/\/showcaseshop.ua\/lemonade-en-4"},{"name":"Meat","oct_pages":[],"href":"http:\/\/showcaseshop.ua\/meat-en-4"},{"name":"Milk","oct_pages":[],"href":"http:\/\/showcaseshop.ua\/milk-en-4"},{"name":"Mineral water","oct_pages":[],"href":"http:\/\/showcaseshop.ua\/mineral-water-en-4"},{"name":"Oil","oct_pages":[],"href":"http:\/\/showcaseshop.ua\/oil-en-4"},{"name":"Sausages","oct_pages":[],"href":"http:\/\/showcaseshop.ua\/sausages-en-4"},{"name":"Seafood","oct_pages":[],"href":"http:\/\/showcaseshop.ua\/seafood-en-4"},{"name":"Tea","oct_pages":[],"href":"http:\/\/showcaseshop.ua\/tea-en-4"},{"name":"The juice","oct_pages":[],"href":"http:\/\/showcaseshop.ua\/the-juice-en-4"},{"name":"Vegetables","oct_pages":[],"href":"http:\/\/showcaseshop.ua\/vegetables-en-4"}],"oct_pages":[],"href":"http:\/\/showcaseshop.ua\/products-en-4"},{"name":"Sets of dishes","children":[],"oct_pages":[],"href":"http:\/\/showcaseshop.ua\/sets-of-dishes-en-2"}],"oct_pages":[],"oct_image":false,"width":"70","height":"70","href":"http:\/\/showcaseshop.ua\/kitchen-appliances-en-3"},{"name":"Laptops and PCs","sort":"0","children":[{"name":"Accessories","children":[{"name":"Computer Furniture","oct_pages":[],"href":"http:\/\/showcaseshop.ua\/computer-furniture-en-1"},{"name":"Computer Headphones","oct_pages":[],"href":"http:\/\/showcaseshop.ua\/computer-headphones-en-1"},{"name":"Connecting to the Internet (3G \/ 4G)","oct_pages":[],"href":"http:\/\/showcaseshop.ua\/connecting-to-the-internet-3g-4g-en-1"},{"name":"External Hard Drive Cases","oct_pages":[],"href":"http:\/\/showcaseshop.ua\/external-hard-drive-cases-en-1"},{"name":"Flash Drives","oct_pages":[],"href":"http:\/\/showcaseshop.ua\/flash-drives-en-1"},{"name":"Game controls, joysticks and gamepads","oct_pages":[],"href":"http:\/\/showcaseshop.ua\/game-controls-joysticks-and-gamepads-en-1"},{"name":"Graphic Tablets","oct_pages":[],"href":"http:\/\/showcaseshop.ua\/graphic-tablets-en-1"},{"name":"Hard Drives and SSDs","oct_pages":[],"href":"http:\/\/showcaseshop.ua\/hard-drives-and-ssds-en-1"},{"name":"IP Cameras","oct_pages":[],"href":"http:\/\/showcaseshop.ua\/ip-cameras-en-4"},{"name":"Keyboards and Kits","oct_pages":[],"href":"http:\/\/showcaseshop.ua\/keyboards-and-kits-en-1"},{"name":"Mice","oct_pages":[],"href":"http:\/\/showcaseshop.ua\/mice-en-1"},{"name":"Mouse and keyboard Apple","oct_pages":[],"href":"http:\/\/showcaseshop.ua\/mouse-and-keyboard-apple-en-1"},{"name":"Mouse pads","oct_pages":[],"href":"http:\/\/showcaseshop.ua\/mouse-pads-en-1"},{"name":"Networking Adapters for Notebooks","oct_pages":[],"href":"http:\/\/showcaseshop.ua\/networking-adapters-for-notebooks-en-1"},{"name":"Notebook bags","oct_pages":[],"href":"http:\/\/showcaseshop.ua\/notebook-bags-en-1"},{"name":"Other computer accessories","oct_pages":[],"href":"http:\/\/showcaseshop.ua\/other-computer-accessories-en-1"},{"name":"Presenters","oct_pages":[],"href":"http:\/\/showcaseshop.ua\/presenters-en-1"},{"name":"Routers and network equipment","oct_pages":[],"href":"http:\/\/showcaseshop.ua\/routers-and-network-equipment-en-1"},{"name":"Speakers","oct_pages":[],"href":"http:\/\/showcaseshop.ua\/speakers-en-1"},{"name":"Stands for laptops","oct_pages":[],"href":"http:\/\/showcaseshop.ua\/stands-for-laptops-en-1"},{"name":"Uninterruptible power supplies","oct_pages":[],"href":"http:\/\/showcaseshop.ua\/uninterruptible-power-supplies-en-1"},{"name":"Webcams","oct_pages":[],"href":"http:\/\/showcaseshop.ua\/webcams-en-1"}],"oct_pages":[],"href":"http:\/\/showcaseshop.ua\/accessories-en-1"},{"name":"Apple Computer Hardware","children":[{"name":"Apple Adapters","oct_pages":[],"href":"http:\/\/showcaseshop.ua\/apple-adapters-en-2"},{"name":"iMac","oct_pages":[],"href":"http:\/\/showcaseshop.ua\/imac-en-1"},{"name":"MacBook","oct_pages":[],"href":"http:\/\/showcaseshop.ua\/macbook-en-1"},{"name":"MacBook Air","oct_pages":[],"href":"http:\/\/showcaseshop.ua\/macbook-air-en-1"},{"name":"MacBook Pro","oct_pages":[],"href":"http:\/\/showcaseshop.ua\/macbook-pro-en-1"},{"name":"Mouse and keyboard Apple","oct_pages":[],"href":"http:\/\/showcaseshop.ua\/mouse-and-keyboard-apple-en-2"},{"name":"Wireless Access Points Apple","oct_pages":[],"href":"http:\/\/showcaseshop.ua\/wireless-access-points-apple-en-2"}],"oct_pages":[],"href":"http:\/\/showcaseshop.ua\/apple-computer-hardware-en-2"},{"name":"Computers and Monitors","children":[{"name":"Apple iMac Monoblocks","oct_pages":[],"href":"http:\/\/showcaseshop.ua\/apple-imac-monoblocks-en-1"},{"name":"Apple Mac System Blocks","oct_pages":[],"href":"http:\/\/showcaseshop.ua\/apple-mac-system-blocks-en-2"},{"name":"Game Monitors","oct_pages":[],"href":"http:\/\/showcaseshop.ua\/game-monitors-en-2"},{"name":"Game monoblocks","oct_pages":[],"href":"http:\/\/showcaseshop.ua\/game-monoblocks-en-2"},{"name":"Monitors","oct_pages":[],"href":"http:\/\/showcaseshop.ua\/monitors-en-2"},{"name":"Monoblocks","oct_pages":[],"href":"http:\/\/showcaseshop.ua\/monoblocks-en-1"},{"name":"System Blocks","oct_pages":[],"href":"http:\/\/showcaseshop.ua\/system-blocks-en-2"}],"oct_pages":[],"href":"http:\/\/showcaseshop.ua\/computers-and-monitors-en-1"},{"name":"Laptops","children":[{"name":"Laptops","oct_pages":[],"href":"http:\/\/showcaseshop.ua\/laptops-en-3"},{"name":"Laptops-transformers","oct_pages":[],"href":"http:\/\/showcaseshop.ua\/laptops-transformers-en-3"}],"oct_pages":[],"href":"http:\/\/showcaseshop.ua\/laptops-en-2"},{"name":"Peripheral devices","children":[{"name":"Cartridges","oct_pages":[],"href":"http:\/\/showcaseshop.ua\/cartridges-en-3"},{"name":"Compact photo printers","oct_pages":[],"href":"http:\/\/showcaseshop.ua\/compact-photo-printers-en-3"},{"name":"Multifunctional devices","oct_pages":[],"href":"http:\/\/showcaseshop.ua\/multifunctional-devices-en-3"},{"name":"Paper","oct_pages":[],"href":"http:\/\/showcaseshop.ua\/paper-en-3"},{"name":"Printers","oct_pages":[],"href":"http:\/\/showcaseshop.ua\/printers-en-3"},{"name":"Scanners","oct_pages":[],"href":"http:\/\/showcaseshop.ua\/scanners-en-3"},{"name":"Shredders","oct_pages":[],"href":"http:\/\/showcaseshop.ua\/shredders-en-3"}],"oct_pages":[],"href":"http:\/\/showcaseshop.ua\/peripheral-devices-en-3"},{"name":"Tablets and e-books","children":[{"name":"Accessories for e-books","oct_pages":[],"href":"http:\/\/showcaseshop.ua\/accessories-for-e-books-en-3"},{"name":"Accessories for tablets","oct_pages":[],"href":"http:\/\/showcaseshop.ua\/accessories-for-tablets-en-3"},{"name":"Apple Tablets","oct_pages":[],"href":"http:\/\/showcaseshop.ua\/apple-tablets-en-3"},{"name":"E-books","oct_pages":[],"href":"http:\/\/showcaseshop.ua\/e-books-en-3"},{"name":"Tablets","oct_pages":[],"href":"http:\/\/showcaseshop.ua\/tablets-en-3"},{"name":"Tablets on Android","oct_pages":[],"href":"http:\/\/showcaseshop.ua\/tablets-on-android-en-3"},{"name":"Tablets on Windows","oct_pages":[],"href":"http:\/\/showcaseshop.ua\/tablets-on-windows-en-3"}],"oct_pages":[],"href":"http:\/\/showcaseshop.ua\/tablets-and-e-books-en-3"}],"oct_pages":[],"oct_image":false,"width":"70","height":"70","href":"http:\/\/showcaseshop.ua\/laptops-and-pcs-en-1"},{"name":"Products","sort":"0","children":[{"name":"Bread","children":[],"oct_pages":[],"href":"http:\/\/showcaseshop.ua\/bread-en-4"},{"name":"Canned food","children":[],"oct_pages":[],"href":"http:\/\/showcaseshop.ua\/canned-food-en-4"},{"name":"Cheeses","children":[],"oct_pages":[],"href":"http:\/\/showcaseshop.ua\/cheeses-en-4"},{"name":"Chemistry","children":[{"name":"Shampoo","oct_pages":[],"href":"http:\/\/showcaseshop.ua\/shampoo-en-4"},{"name":"Soap","oct_pages":[],"href":"http:\/\/showcaseshop.ua\/soap-en-4"},{"name":"Toilet paper","oct_pages":[],"href":"http:\/\/showcaseshop.ua\/toilet-paper-en-4"},{"name":"Toothpaste","oct_pages":[],"href":"http:\/\/showcaseshop.ua\/toothpaste-en-4"}],"oct_pages":[],"href":"http:\/\/showcaseshop.ua\/chemistry-en-4"},{"name":"Chocolate","children":[],"oct_pages":[],"href":"http:\/\/showcaseshop.ua\/chocolate-en-4"},{"name":"Coffee","children":[],"oct_pages":[],"href":"http:\/\/showcaseshop.ua\/coffee-en-4"},{"name":"Frozen products","children":[],"oct_pages":[],"href":"http:\/\/showcaseshop.ua\/frozen-products-en-4"},{"name":"Fruits","children":[],"oct_pages":[],"href":"http:\/\/showcaseshop.ua\/fruits-en-4"},{"name":"Grocery","children":[],"oct_pages":[],"href":"http:\/\/showcaseshop.ua\/grocery-en-4"},{"name":"Lemonade","children":[],"oct_pages":[],"href":"http:\/\/showcaseshop.ua\/lemonade-en-4"},{"name":"Meat","children":[],"oct_pages":[],"href":"http:\/\/showcaseshop.ua\/meat-en-4"},{"name":"Milk","children":[],"oct_pages":[],"href":"http:\/\/showcaseshop.ua\/milk-en-4"},{"name":"Mineral water","children":[],"oct_pages":[],"href":"http:\/\/showcaseshop.ua\/mineral-water-en-4"},{"name":"Oil","children":[],"oct_pages":[],"href":"http:\/\/showcaseshop.ua\/oil-en-4"},{"name":"Sausages","children":[],"oct_pages":[],"href":"http:\/\/showcaseshop.ua\/sausages-en-4"},{"name":"Seafood","children":[],"oct_pages":[],"href":"http:\/\/showcaseshop.ua\/seafood-en-4"},{"name":"Tea","children":[],"oct_pages":[],"href":"http:\/\/showcaseshop.ua\/tea-en-4"},{"name":"The juice","children":[],"oct_pages":[],"href":"http:\/\/showcaseshop.ua\/the-juice-en-4"},{"name":"Vegetables","children":[],"oct_pages":[],"href":"http:\/\/showcaseshop.ua\/vegetables-en-4"}],"oct_pages":[],"oct_image":false,"width":"70","height":"70","href":"http:\/\/showcaseshop.ua\/products-en-4"},{"name":"TV, video, Hi-Fi","sort":"0","children":[{"name":"Accessories","children":[{"name":"Accessories for 3D and Smart TV","oct_pages":[],"href":"http:\/\/showcaseshop.ua\/accessories-for-3d-and-smart-tv-en-3"},{"name":"Apple TV consoles","oct_pages":[],"href":"http:\/\/showcaseshop.ua\/apple-tv-consoles-en-3"},{"name":"Brackets and racks for TV sets","oct_pages":[],"href":"http:\/\/showcaseshop.ua\/brackets-and-racks-for-tv-sets-en-2"},{"name":"Cables","oct_pages":[],"href":"http:\/\/showcaseshop.ua\/cables-en-3"},{"name":"Media Streamers","oct_pages":[],"href":"http:\/\/showcaseshop.ua\/media-streamers-en-2"},{"name":"Remote Controls","oct_pages":[],"href":"http:\/\/showcaseshop.ua\/remote-controls-en-2"},{"name":"Satellite \/ digital TV","oct_pages":[],"href":"http:\/\/showcaseshop.ua\/satellite-digital-tv-en-3"},{"name":"Smart TV consoles and DVB-T2 receivers","oct_pages":[],"href":"http:\/\/showcaseshop.ua\/smart-tv-consoles-and-dvb-t2-receivers-en-3"},{"name":"Surge Protectors","oct_pages":[],"href":"http:\/\/showcaseshop.ua\/surge-protectors-en-2"}],"oct_pages":[],"href":"http:\/\/showcaseshop.ua\/accessories-en-2"},{"name":"Audio and DJ","children":[{"name":"Audio Accessories","oct_pages":[],"href":"http:\/\/showcaseshop.ua\/audio-accessories-en-1"},{"name":"Cases for portable acoustics","oct_pages":[],"href":"http:\/\/showcaseshop.ua\/cases-for-portable-acoustics-en-3"},{"name":"DJ Controllers","oct_pages":[],"href":"http:\/\/showcaseshop.ua\/dj-controllers-en-3"},{"name":"Docking station and portable acoustics","oct_pages":[],"href":"http:\/\/showcaseshop.ua\/docking-station-and-portable-acoustics-en-3"},{"name":"Midi Music Systems","oct_pages":[],"href":"http:\/\/showcaseshop.ua\/midi-music-systems-en-1"},{"name":"Music centers","oct_pages":[],"href":"http:\/\/showcaseshop.ua\/music-centers-en-3"},{"name":"Receivers","oct_pages":[],"href":"http:\/\/showcaseshop.ua\/receivers-en-3"},{"name":"Wireless Audio Systems","oct_pages":[],"href":"http:\/\/showcaseshop.ua\/wireless-audio-systems-en-3"},{"name":"Wireless Speakers","oct_pages":[],"href":"http:\/\/showcaseshop.ua\/wireless-speakers-en-3"}],"oct_pages":[],"href":"http:\/\/showcaseshop.ua\/audio-and-dj-en-3"},{"name":"Home Theater and Hi-Fi Technology","children":[{"name":"Acoustics Hi-Fi","oct_pages":[],"href":"http:\/\/showcaseshop.ua\/acoustics-hi-fi-en-1"},{"name":"DVD, Blu-ray and media players","oct_pages":[],"href":"http:\/\/showcaseshop.ua\/dvd-blu-ray-and-media-players-en-3"},{"name":"Hi-Fi Accessories","oct_pages":[],"href":"http:\/\/showcaseshop.ua\/hi-fi-accessories-en-3"},{"name":"Hi-Fi components","oct_pages":[],"href":"http:\/\/showcaseshop.ua\/hi-fi-components-en-3"},{"name":"Hi-Fi kits","oct_pages":[],"href":"http:\/\/showcaseshop.ua\/hi-fi-kits-en-3"},{"name":"Hi-Fi Receivers","oct_pages":[],"href":"http:\/\/showcaseshop.ua\/hi-fi-receivers-en-3"},{"name":"Home Cinema","oct_pages":[],"href":"http:\/\/showcaseshop.ua\/home-cinema-en-3"},{"name":"Microphones","oct_pages":[],"href":"http:\/\/showcaseshop.ua\/microphones-en-3"},{"name":"Portable Players","oct_pages":[],"href":"http:\/\/showcaseshop.ua\/portable-players-en-3"},{"name":"Projectors and screens","oct_pages":[],"href":"http:\/\/showcaseshop.ua\/projectors-and-screens-en-1"},{"name":"Soundbars","oct_pages":[],"href":"http:\/\/showcaseshop.ua\/soundbars-en-3"}],"oct_pages":[],"href":"http:\/\/showcaseshop.ua\/home-theater-and-hi-fi-technology-en-3"},{"name":"TV","children":[{"name":"3D TVs","oct_pages":[],"href":"http:\/\/showcaseshop.ua\/3d-tvs-en-3"},{"name":"4K (UHD) TVs","oct_pages":[],"href":"http:\/\/showcaseshop.ua\/4k-uhd-tvs-en-3"},{"name":"All TVs","oct_pages":[],"href":"http:\/\/showcaseshop.ua\/all-tvs-en-3"},{"name":"OLED TVs","oct_pages":[],"href":"http:\/\/showcaseshop.ua\/oled-tvs-en-3"},{"name":"Smart TVs","oct_pages":[],"href":"http:\/\/showcaseshop.ua\/smart-tvs-en-3"},{"name":"TVs with curved screen","oct_pages":[],"href":"http:\/\/showcaseshop.ua\/tvs-with-curved-screen-en-1"}],"oct_pages":[],"href":"http:\/\/showcaseshop.ua\/tv-en-3"}],"oct_pages":[],"oct_image":false,"width":"70","height":"70","href":"http:\/\/showcaseshop.ua\/tv-video-hi-fi-en-3"},{"name":"Appliances","sort":"2","children":[{"name":"Air conditioning equipment","children":[{"name":"Conditioners","oct_pages":[],"href":"http:\/\/showcaseshop.ua\/conditioners-en-2"},{"name":"Fans","oct_pages":[],"href":"http:\/\/showcaseshop.ua\/fans-en-2"},{"name":"Floor mobile air conditioners","oct_pages":[],"href":"http:\/\/showcaseshop.ua\/floor-mobile-air-conditioners-en-2"},{"name":"Heating devices","oct_pages":[],"href":"http:\/\/showcaseshop.ua\/heating-devices-en-2"},{"name":"Humidifiers and air purifiers","oct_pages":[],"href":"http:\/\/showcaseshop.ua\/humidifiers-and-air-purifiers-en-1"},{"name":"Split systems","oct_pages":[],"href":"http:\/\/showcaseshop.ua\/split-systems-en-2"},{"name":"Water heaters","oct_pages":[],"href":"http:\/\/showcaseshop.ua\/water-heaters-en-2"}],"oct_pages":[],"href":"http:\/\/showcaseshop.ua\/air-conditioning-equipment-en-2"},{"name":"Clothing care products","children":[{"name":"Accessories for sewing machines","oct_pages":[],"href":"http:\/\/showcaseshop.ua\/accessories-for-sewing-machines-en-2"},{"name":"Hand steamers","oct_pages":[],"href":"http:\/\/showcaseshop.ua\/hand-steamers-en-1"},{"name":"Irons","oct_pages":[],"href":"http:\/\/showcaseshop.ua\/irons-en-2"},{"name":"Overlocks","oct_pages":[],"href":"http:\/\/showcaseshop.ua\/overlocks-en-1"},{"name":"Sewing machines","oct_pages":[],"href":"http:\/\/showcaseshop.ua\/sewing-machines-en-2"},{"name":"Steam Cleaners","oct_pages":[],"href":"http:\/\/showcaseshop.ua\/steam-cleaners-en-2"},{"name":"Steam Generators","oct_pages":[],"href":"http:\/\/showcaseshop.ua\/steam-generators-en-1"}],"oct_pages":[],"href":"http:\/\/showcaseshop.ua\/clothing-care-products-en-2"},{"name":"Gadgets","children":[{"name":"Accessories for smartphones","oct_pages":[],"href":"http:\/\/showcaseshop.ua\/accessories-for-smartphones-en-1"},{"name":"Gyroscope","oct_pages":[],"href":"http:\/\/showcaseshop.ua\/gyroscope-en-1"},{"name":"Quadcopters","oct_pages":[],"href":"http:\/\/showcaseshop.ua\/quadcopters-en-4"},{"name":"Smart scales","oct_pages":[],"href":"http:\/\/showcaseshop.ua\/smart-scales-en-4"},{"name":"Fitness trackers","oct_pages":[],"href":"http:\/\/showcaseshop.ua\/fitness-trackers-en-4"},{"name":"Smart watches","oct_pages":[],"href":"http:\/\/showcaseshop.ua\/smart-watches-en-4"},{"name":"Bluetooth speakers","oct_pages":[],"href":"http:\/\/showcaseshop.ua\/bluetooth-speakers-en-4"}],"oct_pages":[],"href":"http:\/\/showcaseshop.ua\/gadgets-en-3"},{"name":"Home accessories","children":[{"name":"Accessories for irons","oct_pages":[],"href":"http:\/\/showcaseshop.ua\/accessories-for-irons-en-2"},{"name":"Accessories for vacuum cleaners","oct_pages":[],"href":"http:\/\/showcaseshop.ua\/accessories-for-vacuum-cleaners-en-2"},{"name":"Accessories for washing machines","oct_pages":[],"href":"http:\/\/showcaseshop.ua\/accessories-for-washing-machines-en-2"},{"name":"Batteries and accumulators","oct_pages":[],"href":"http:\/\/showcaseshop.ua\/batteries-and-accumulators-en-2"},{"name":"Care of things","oct_pages":[],"href":"http:\/\/showcaseshop.ua\/care-of-things-en-2"},{"name":"Ironing board","oct_pages":[],"href":"http:\/\/showcaseshop.ua\/ironing-board-en-2"},{"name":"Lighting","oct_pages":[],"href":"http:\/\/showcaseshop.ua\/lighting-en-1"},{"name":"Other household goods","oct_pages":[],"href":"http:\/\/showcaseshop.ua\/other-household-goods-en-2"},{"name":"Surge protectors and extenders","oct_pages":[],"href":"http:\/\/showcaseshop.ua\/surge-protectors-and-extenders-en-2"}],"oct_pages":[],"href":"http:\/\/showcaseshop.ua\/home-accessories-en-2"},{"name":"TV, video, Hi-Fi","children":[{"name":"Accessories","oct_pages":[],"href":"http:\/\/showcaseshop.ua\/accessories-en-2"},{"name":"Audio and DJ","oct_pages":[],"href":"http:\/\/showcaseshop.ua\/audio-and-dj-en-3"},{"name":"Home Theater and Hi-Fi Technology","oct_pages":[],"href":"http:\/\/showcaseshop.ua\/home-theater-and-hi-fi-technology-en-3"},{"name":"TV","oct_pages":[],"href":"http:\/\/showcaseshop.ua\/tv-en-3"}],"oct_pages":[],"href":"http:\/\/showcaseshop.ua\/tv-video-hi-fi-en-3"},{"name":"Vacuum cleaners","children":[{"name":"Accumulator and car vacuum cleaners","oct_pages":[],"href":"http:\/\/showcaseshop.ua\/accumulator-and-car-vacuum-cleaners-en-2"},{"name":"High Pressure Washers","oct_pages":[],"href":"http:\/\/showcaseshop.ua\/high-pressure-washers-en-2"},{"name":"Robotic Vacuum Cleaners","oct_pages":[],"href":"http:\/\/showcaseshop.ua\/robotic-vacuum-cleaners-en-2"},{"name":"Vacuum cleaners Hand stick","oct_pages":[],"href":"http:\/\/showcaseshop.ua\/vacuum-cleaners-hand-stick-en-1"},{"name":"Vacuum cleaners with dust collector","oct_pages":[],"href":"http:\/\/showcaseshop.ua\/vacuum-cleaners-with-dust-collector-en-2"},{"name":"Vacuum cleaners with dust container","oct_pages":[],"href":"http:\/\/showcaseshop.ua\/vacuum-cleaners-with-dust-container-en-2"},{"name":"Vacuum cleaners with water filter","oct_pages":[],"href":"http:\/\/showcaseshop.ua\/vacuum-cleaners-with-water-filter-en-2"},{"name":"Washing vacuum cleaners","oct_pages":[],"href":"http:\/\/showcaseshop.ua\/washing-vacuum-cleaners-en-1"},{"name":"Windscreen wipers","oct_pages":[],"href":"http:\/\/showcaseshop.ua\/windscreen-wipers-en-2"}],"oct_pages":[],"href":"http:\/\/showcaseshop.ua\/vacuum-cleaners-en-2"},{"name":"Washing and drying machines","children":[{"name":"Compact washing machines","oct_pages":[],"href":"http:\/\/showcaseshop.ua\/compact-washing-machines-en-2"},{"name":"Mini washing machines activator type","oct_pages":[],"href":"http:\/\/showcaseshop.ua\/mini-washing-machines-activator-type-en-2"},{"name":"Standard drying machines","oct_pages":[],"href":"http:\/\/showcaseshop.ua\/standard-drying-machines-en-2"},{"name":"Standard washing machines","oct_pages":[],"href":"http:\/\/showcaseshop.ua\/standard-washing-machines-en-2"},{"name":"Steam wardrobe for clothing care","oct_pages":[],"href":"http:\/\/showcaseshop.ua\/steam-wardrobe-for-clothing-care-en-2"},{"name":"Washing machine with two drums","oct_pages":[],"href":"http:\/\/showcaseshop.ua\/washing-machine-with-two-drums-en-2"},{"name":"Washing machines","oct_pages":[],"href":"http:\/\/showcaseshop.ua\/washing-machines-en-2"},{"name":"Washing machines with vertical loading","oct_pages":[],"href":"http:\/\/showcaseshop.ua\/washing-machines-with-vertical-loading-en-2"}],"oct_pages":[],"href":"http:\/\/showcaseshop.ua\/washing-and-drying-machines-en-2"}],"oct_pages":[],"oct_image":false,"width":"70","height":"70","href":"http:\/\/showcaseshop.ua\/appliances-en"}],"oct_pages":[[{"page_group":{"1":"\u041a\u0443\u043f\u0438\u0442\u044c \u043d\u043e\u0432\u044b\u0439 iphone","3":"\u041a\u0443\u043f\u0438\u0442\u0438 \u043d\u043e\u0432\u0438\u0439 iphone","2":"Buy new iphone"},"page_links":[{"1":{"title":"iPhone X","link":"apple-ru-3\/iphone-ru\/serija-iphone-x"},"3":{"title":"iPhone X","link":"apple-ru-3\/iphone-ru\/serija-iphone-x-ua"},"2":{"title":"iPhone X","link":"apple-ru-3\/iphone-ru\/serija-iphone-x-en"}},{"1":{"title":"iPhone XI","link":"apple-ru-3\/iphone-ru\/serija-iphone-xi"},"3":{"title":"iPhone XI","link":"apple-ua-3\/iphone-ua\/serija-iphone-xi-ua"},"2":{"title":"iPhone XI","link":"apple-en-3\/iphone-en\/serija-iphone-xi-en"}},{"1":{"title":" iPhone XI Pro","link":"apple-ru-3\/iphone-ru\/serija-iphone-xi-pro"},"3":{"title":" iPhone XI Pro","link":"apple-ua-3\/iphone-ua\/serija-iphone-xi-pro-ua"},"2":{"title":" iPhone XI Pro","link":"apple-en-3\/iphone-en\/serija-iphone-xi-pro-en"}},{"1":{"title":"iPhone XI Pro Max","link":"apple-ru-3\/iphone-ru\/serija-iphone-xi-pro-max"},"3":{"title":"iPhone XI Pro Max","link":"apple-ua-3\/iphone-ua\/serija-iphone-xi-pro-max-ua"},"2":{"title":"iPhone XI Pro Max","link":"apple-en-3\/iphone-en\/serija-iphone-xi-pro-max-en"}},{"1":{"title":" iPhone Xr","link":"apple-ru-3\/iphone-ru\/serija-iphone-xr"},"3":{"title":" iPhone Xr","link":"apple-ua-3\/iphone-ua\/serija-iphone-xr-ua"},"2":{"title":" iPhone Xr","link":"apple-en-3\/iphone-en\/serija-iphone-xr-en"}},{"1":{"title":" iPhone Xs","link":"apple-ru-3\/iphone-ru\/serija-iphone-xs"},"3":{"title":" iPhone Xs","link":"apple-ua-3\/iphone-ua\/serija-iphone-xs-ua"},"2":{"title":" iPhone Xs","link":"apple-en-3\/iphone-en\/serija-iphone-xs-en"}},{"1":{"title":"iPhone Xs Max","link":"apple-ru-3\/iphone-ru\/serija-iphone-xs-max"},"3":{"title":"iPhone Xs Max","link":"apple-ua-3\/iphone-ua\/serija-iphone-xs-max-ua"},"2":{"title":"iPhone Xs Max","link":"apple-en-3\/iphone-en\/serija-iphone-xs-max-en"}}]},{"page_group":{"1":"\u041f\u043e \u0446\u0435\u043d\u0435","3":"\u0417\u0430 \u0446\u0456\u043d\u043e\u044e","2":"By price"},"page_links":{"7":{"1":{"title":"60 000 - 75 000","link":"apple-ru-3\/iphone-ru\/price-60000-75000"},"3":{"title":"60 000 - 75 000","link":"apple-ua-3\/iphone-ua\/price-60000-75000-ua"},"2":{"title":"60 000 - 75 000","link":"apple-en-3\/iphone-en\/price-60000-75000-en"}},"8":{"1":{"title":"75 000 - 80 000","link":"apple-ru-3\/iphone-ru\/price-75000-80000"},"3":{"title":"75 000 - 80 000","link":"apple-ua-3\/iphone-ua\/price-75000-80000-ua"},"2":{"title":"75 000 - 80 000","link":"apple-en-3\/iphone-en\/price-75000-80000-en"}},"9":{"1":{"title":"80 000 - 85 000","link":"apple-ru-3\/iphone-ru\/price-80000-85000"},"3":{"title":"80 000 - 85 000","link":"apple-ua-3\/iphone-ua\/price-80000-85000-ua"},"2":{"title":"80 000 - 85 000","link":"apple-en-3\/iphone-en\/price-80000-85000-en"}},"10":{"1":{"title":"85 000 - 90 000","link":"apple-ru-3\/iphone-ru\/price-85000-90000"},"3":{"title":"85 000 - 90 000","link":"apple-ua-3\/iphone-ua\/price-85000-90000-ua"},"2":{"title":"85 000 - 90 000","link":"apple-en-3\/iphone-en\/price-85000-90000-en"}},"11":{"1":{"title":"90 000 - 100 000","link":"apple-ru-3\/iphone-ru\/price-90000-100000"},"3":{"title":"90 000 - 100 000","link":"apple-ua-3\/iphone-ua\/price-90000-100000-ua"},"2":{"title":"90 000 - 100 000","link":"apple-en-3\/iphone-en\/price-90000-100000-en"}},"12":{"1":{"title":"100 000 - 115 000","link":"apple-ru-3\/iphone-ru\/price-100000-115000"},"3":{"title":"100 000 - 115 000","link":"apple-ua-3\/iphone-ua\/price-100000-115000-ua"},"2":{"title":"100 000 - 115 000","link":"apple-en-3\/iphone-en\/price-100000-115000-en"}}}},{"page_group":{"1":"\u041e\u0431\u044a\u0435\u043c \u043f\u0430\u043c\u044f\u0442\u0438","3":"\u041e\u0431\u0441\u044f\u0433 \u043f\u0430\u043c'\u044f\u0442\u0456","2":"Memory size"},"page_links":{"13":{"1":{"title":"64 \u0413\u0411","link":"apple-ru-3\/iphone-ru\/vstroennaja-pamjat-rom-64-gb"},"3":{"title":"64 \u0413\u0411","link":"apple-ua-3\/iphone-ua\/vstroennaja-pamjat-rom-64-gb-ua"},"2":{"title":"64 gb","link":"apple-en-3\/iphone-en\/vstroennaja-pamjat-rom-64-gb-en"}},"14":{"1":{"title":"128 \u0413\u0411","link":"apple-ru-3\/iphone-ru\/vstroennaja-pamjat-rom-128-gb"},"3":{"title":"128 \u0413\u0411","link":"apple-ua-3\/iphone-ua\/vstroennaja-pamjat-rom-128-gb-ua"},"2":{"title":"128 gb","link":"apple-en-3\/iphone-en\/vstroennaja-pamjat-rom-128-gb-en"}},"15":{"1":{"title":"256  \u0413\u0411","link":"apple-ru-3\/iphone-ru\/vstroennaja-pamjat-rom-256-gb"},"3":{"title":"256 \u0413\u0411","link":"apple-ua-3\/iphone-ua\/vstroennaja-pamjat-rom-256-gb-ua"},"2":{"title":"256  gb","link":"apple-en-3\/iphone-en\/vstroennaja-pamjat-rom-256-gb-en"}},"16":{"1":{"title":"512  \u0413\u0411","link":"apple-ru-3\/iphone-ru\/vstroennaja-pamjat-rom-512-gb"},"3":{"title":"512  \u0413\u0411","link":"apple-ua-3\/iphone-ua\/vstroennaja-pamjat-rom-512-gb-ua"},"2":{"title":"512  gb","link":"apple-en-3\/iphone-en\/vstroennaja-pamjat-rom-512-gb-en"}}}},{"page_group":{"1":"\u0414\u0438\u0430\u0433\u043e\u043d\u0430\u043b\u044c \u044d\u043a\u0440\u0430\u043d\u0430","3":"\u0414\u0456\u0430\u0433\u043e\u043d\u0430\u043b\u044c \u0435\u043a\u0440\u0430\u043d\u0443","2":"Screen diagonal"},"page_links":{"17":{"1":{"title":"5.8&quot;(14.5 \u0441\u043c)","link":"apple-ru-3\/iphone-ru\/diagonal-5-8"},"3":{"title":"5.8&quot;(14.5 \u0441\u043c)","link":"apple-ua-3\/iphone-ua\/diagonal-5-8-ua"},"2":{"title":"5.8&quot;(14.5 \u0441\u043c)","link":"apple-en-3\/iphone-en\/diagonal-5-8-en"}},"18":{"1":{"title":"6.1&quot;(15.3 \u0441\u043c)","link":"apple-ru-3\/iphone-ru\/diagonal-6-1-153"},"3":{"title":"6.1&quot;(15.3 \u0441\u043c)","link":"apple-ua-3\/iphone-ua\/diagonal-6-1-153-ua"},"2":{"title":"6.1&quot;(15.3 \u0441\u043c)","link":"apple-en-3\/iphone-en\/diagonal-6-1-153-en"}},"19":{"1":{"title":"6.1&quot;(15.5 \u0441\u043c)","link":"apple-ru-3\/iphone-ru\/diagonal-6-1-155"},"3":{"title":"6.1&quot;(15.5 \u0441\u043c)","link":"apple-ua-3\/iphone-ua\/diagonal-6-1-155-ua"},"2":{"title":"6.1&quot;(15.5 \u0441\u043c)","link":"apple-en-3\/iphone-en\/diagonal-6-1-155-en"}},"20":{"1":{"title":"6.5&quot;(16.5 \u0441\u043c)","link":"apple-ru-3\/iphone-ru\/diagonal-6-5"},"3":{"title":"6.5&quot;(16.5 \u0441\u043c)","link":"apple-ua-3\/iphone-ua\/diagonal-6-5-ua"},"2":{"title":"6.5&quot;(16.5 \u0441\u043c)","link":"apple-en-3\/iphone-en\/diagonal-6-5-en"}}}}]],"oct_image":"http:\/\/showcaseshop.ua\/image\/catalog\/remarket\/menu-icons\/thumbs-up.svg","show_image":false,"width":32,"height":32,"subcat_image_width":"70","subcat_image_height":"70","href":"\/apple-en-3"},{"name":"Appliances","sort":"-2","type":"category","view":"2","column":1,"target":"","children":[{"name":"Air conditioning equipment","sort":"0","children":[{"name":"Conditioners","children":[],"oct_pages":[],"href":"http:\/\/showcaseshop.ua\/conditioners-en-2"},{"name":"Fans","children":[],"oct_pages":[],"href":"http:\/\/showcaseshop.ua\/fans-en-2"},{"name":"Floor mobile air conditioners","children":[],"oct_pages":[],"href":"http:\/\/showcaseshop.ua\/floor-mobile-air-conditioners-en-2"},{"name":"Heating devices","children":[],"oct_pages":[],"href":"http:\/\/showcaseshop.ua\/heating-devices-en-2"},{"name":"Humidifiers and air purifiers","children":[],"oct_pages":[],"href":"http:\/\/showcaseshop.ua\/humidifiers-and-air-purifiers-en-1"},{"name":"Split systems","children":[],"oct_pages":[],"href":"http:\/\/showcaseshop.ua\/split-systems-en-2"},{"name":"Water heaters","children":[],"oct_pages":[],"href":"http:\/\/showcaseshop.ua\/water-heaters-en-2"}],"oct_pages":[],"oct_image":false,"width":"100","height":"100","href":"http:\/\/showcaseshop.ua\/air-conditioning-equipment-en-2"},{"name":"Audio and DJ","sort":"0","children":[{"name":"Audio Accessories","children":[],"oct_pages":[],"href":"http:\/\/showcaseshop.ua\/audio-accessories-en-1"},{"name":"Cases for portable acoustics","children":[],"oct_pages":[],"href":"http:\/\/showcaseshop.ua\/cases-for-portable-acoustics-en-3"},{"name":"DJ Controllers","children":[],"oct_pages":[],"href":"http:\/\/showcaseshop.ua\/dj-controllers-en-3"},{"name":"Docking station and portable acoustics","children":[],"oct_pages":[],"href":"http:\/\/showcaseshop.ua\/docking-station-and-portable-acoustics-en-3"},{"name":"Midi Music Systems","children":[],"oct_pages":[],"href":"http:\/\/showcaseshop.ua\/midi-music-systems-en-1"},{"name":"Music centers","children":[],"oct_pages":[],"href":"http:\/\/showcaseshop.ua\/music-centers-en-3"},{"name":"Receivers","children":[],"oct_pages":[],"href":"http:\/\/showcaseshop.ua\/receivers-en-3"},{"name":"Wireless Audio Systems","children":[],"oct_pages":[],"href":"http:\/\/showcaseshop.ua\/wireless-audio-systems-en-3"},{"name":"Wireless Speakers","children":[],"oct_pages":[],"href":"http:\/\/showcaseshop.ua\/wireless-speakers-en-3"}],"oct_pages":[],"oct_image":false,"width":"100","height":"100","href":"http:\/\/showcaseshop.ua\/audio-and-dj-en-3"},{"name":"Children's goods","sort":"0","children":[{"name":"Bicycles","children":[],"oct_pages":[],"href":"http:\/\/showcaseshop.ua\/bicycles-en-4"},{"name":"Carriages","children":[],"oct_pages":[],"href":"http:\/\/showcaseshop.ua\/carriages-en-4"},{"name":"Toys","children":[],"oct_pages":[],"href":"http:\/\/showcaseshop.ua\/toys-en-4"}],"oct_pages":[],"oct_image":false,"width":"100","height":"100","href":"http:\/\/showcaseshop.ua\/childrens-goods-en-4"},{"name":"For Women","sort":"0","children":[{"name":"Underwear","children":[],"oct_pages":[],"href":"http:\/\/showcaseshop.ua\/underwear-en-4"},{"name":"Dresses","children":[],"oct_pages":[],"href":"http:\/\/showcaseshop.ua\/dresses-en-4"},{"name":"Sport","children":[],"oct_pages":[],"href":"http:\/\/showcaseshop.ua\/sport-en-4"},{"name":"Outwear","children":[],"oct_pages":[],"href":"http:\/\/showcaseshop.ua\/outwear-en-4"},{"name":"Shoes","children":[],"oct_pages":[],"href":"http:\/\/showcaseshop.ua\/shoes-en-4"},{"name":"Accessories ","children":[],"oct_pages":[],"href":"http:\/\/showcaseshop.ua\/accessories-en-4"},{"name":"Perfumery","children":[],"oct_pages":[],"href":"http:\/\/showcaseshop.ua\/perfumery-en-4"}],"oct_pages":[],"oct_image":false,"width":"100","height":"100","href":"http:\/\/showcaseshop.ua\/for-women-en-3"},{"name":"Furniture","sort":"0","children":[{"name":"Armchairs","children":[],"oct_pages":[],"href":"http:\/\/showcaseshop.ua\/armchairs-en-3"},{"name":"Chairs","children":[],"oct_pages":[],"href":"http:\/\/showcaseshop.ua\/chairs-en-3"},{"name":"Sofas","children":[],"oct_pages":[],"href":"http:\/\/showcaseshop.ua\/sofas-en-3"},{"name":"Tables","children":[],"oct_pages":[],"href":"http:\/\/showcaseshop.ua\/tables-en-3"}],"oct_pages":[],"oct_image":false,"width":"100","height":"100","href":"http:\/\/showcaseshop.ua\/furniture-en-3"},{"name":"Gadgets","sort":"0","children":[{"name":"Accessories for smartphones","children":[],"oct_pages":[],"href":"http:\/\/showcaseshop.ua\/accessories-for-smartphones-en-1"},{"name":"Gyroscope","children":[],"oct_pages":[],"href":"http:\/\/showcaseshop.ua\/gyroscope-en-1"},{"name":"Quadcopters","children":[],"oct_pages":[],"href":"http:\/\/showcaseshop.ua\/quadcopters-en-4"},{"name":"Smart scales","children":[],"oct_pages":[],"href":"http:\/\/showcaseshop.ua\/smart-scales-en-4"},{"name":"Fitness trackers","children":[],"oct_pages":[],"href":"http:\/\/showcaseshop.ua\/fitness-trackers-en-4"},{"name":"Smart watches","children":[],"oct_pages":[],"href":"http:\/\/showcaseshop.ua\/smart-watches-en-4"},{"name":"Bluetooth speakers","children":[],"oct_pages":[],"href":"http:\/\/showcaseshop.ua\/bluetooth-speakers-en-4"}],"oct_pages":[],"oct_image":false,"width":"100","height":"100","href":"http:\/\/showcaseshop.ua\/gadgets-en-3"},{"name":"Interior","sort":"0","children":[{"name":"Accessories","children":[{"name":"Candlesticks","oct_pages":[],"href":"http:\/\/showcaseshop.ua\/candlesticks-en-3"},{"name":"Clock","oct_pages":[],"href":"http:\/\/showcaseshop.ua\/clock-en-3"},{"name":"Decor","oct_pages":[],"href":"http:\/\/showcaseshop.ua\/decor-en-3"},{"name":"Mirrors","oct_pages":[],"href":"http:\/\/showcaseshop.ua\/mirrors-en-3"}],"oct_pages":[],"href":"http:\/\/showcaseshop.ua\/accessories-en-3"},{"name":"Furniture","children":[{"name":"Armchairs","oct_pages":[],"href":"http:\/\/showcaseshop.ua\/armchairs-en-3"},{"name":"Chairs","oct_pages":[],"href":"http:\/\/showcaseshop.ua\/chairs-en-3"},{"name":"Sofas","oct_pages":[],"href":"http:\/\/showcaseshop.ua\/sofas-en-3"},{"name":"Tables","oct_pages":[],"href":"http:\/\/showcaseshop.ua\/tables-en-3"}],"oct_pages":[],"href":"http:\/\/showcaseshop.ua\/furniture-en-3"},{"name":"Light","children":[{"name":"Chandeliers","oct_pages":[],"href":"http:\/\/showcaseshop.ua\/chandeliers-en-3"},{"name":"Floor lamps","oct_pages":[],"href":"http:\/\/showcaseshop.ua\/floor-lamps-en-3"},{"name":"Sconces","oct_pages":[],"href":"http:\/\/showcaseshop.ua\/sconces-en-3"},{"name":"Table lamps","oct_pages":[],"href":"http:\/\/showcaseshop.ua\/table-lamps-en-3"}],"oct_pages":[],"href":"http:\/\/showcaseshop.ua\/light-en-3"},{"name":"Sanitary engineering","children":[{"name":"Baths","oct_pages":[],"href":"http:\/\/showcaseshop.ua\/baths-en-3"},{"name":"Cabins","oct_pages":[],"href":"http:\/\/showcaseshop.ua\/cabins-en-3"},{"name":"Furniture","oct_pages":[],"href":"http:\/\/showcaseshop.ua\/furniture-en-4"},{"name":"Mixers","oct_pages":[],"href":"http:\/\/showcaseshop.ua\/mixers-en-3"}],"oct_pages":[],"href":"http:\/\/showcaseshop.ua\/sanitary-engineering-en-3"}],"oct_pages":[],"oct_image":false,"width":"100","height":"100","href":"http:\/\/showcaseshop.ua\/interior-en-3"},{"name":"Kitchen Appliances","sort":"0","children":[{"name":"Buckets english","children":[],"oct_pages":[],"href":"http:\/\/showcaseshop.ua\/buckets-english-en"},{"name":"Containers for food","children":[],"oct_pages":[],"href":"http:\/\/showcaseshop.ua\/containers-for-food-en-3"},{"name":"Forms for baking","children":[],"oct_pages":[],"href":"http:\/\/showcaseshop.ua\/forms-for-baking-en-3"},{"name":"Kitchen accessories","children":[],"oct_pages":[],"href":"http:\/\/showcaseshop.ua\/kitchen-accessories-en-3"},{"name":"Kitchen knives and cutlery sets","children":[],"oct_pages":[],"href":"http:\/\/showcaseshop.ua\/kitchen-knives-and-cutlery-sets-en-2"},{"name":"Pans","children":[],"oct_pages":[],"href":"http:\/\/showcaseshop.ua\/pans-en-3"},{"name":"Pots","children":[],"oct_pages":[],"href":"http:\/\/showcaseshop.ua\/pots-en-3"},{"name":"Products","children":[{"name":"Bread","oct_pages":[],"href":"http:\/\/showcaseshop.ua\/bread-en-4"},{"name":"Canned food","oct_pages":[],"href":"http:\/\/showcaseshop.ua\/canned-food-en-4"},{"name":"Cheeses","oct_pages":[],"href":"http:\/\/showcaseshop.ua\/cheeses-en-4"},{"name":"Chemistry","oct_pages":[],"href":"http:\/\/showcaseshop.ua\/chemistry-en-4"},{"name":"Chocolate","oct_pages":[],"href":"http:\/\/showcaseshop.ua\/chocolate-en-4"},{"name":"Coffee","oct_pages":[],"href":"http:\/\/showcaseshop.ua\/coffee-en-4"},{"name":"Frozen products","oct_pages":[],"href":"http:\/\/showcaseshop.ua\/frozen-products-en-4"},{"name":"Fruits","oct_pages":[],"href":"http:\/\/showcaseshop.ua\/fruits-en-4"},{"name":"Grocery","oct_pages":[],"href":"http:\/\/showcaseshop.ua\/grocery-en-4"},{"name":"Lemonade","oct_pages":[],"href":"http:\/\/showcaseshop.ua\/lemonade-en-4"},{"name":"Meat","oct_pages":[],"href":"http:\/\/showcaseshop.ua\/meat-en-4"},{"name":"Milk","oct_pages":[],"href":"http:\/\/showcaseshop.ua\/milk-en-4"},{"name":"Mineral water","oct_pages":[],"href":"http:\/\/showcaseshop.ua\/mineral-water-en-4"},{"name":"Oil","oct_pages":[],"href":"http:\/\/showcaseshop.ua\/oil-en-4"},{"name":"Sausages","oct_pages":[],"href":"http:\/\/showcaseshop.ua\/sausages-en-4"},{"name":"Seafood","oct_pages":[],"href":"http:\/\/showcaseshop.ua\/seafood-en-4"},{"name":"Tea","oct_pages":[],"href":"http:\/\/showcaseshop.ua\/tea-en-4"},{"name":"The juice","oct_pages":[],"href":"http:\/\/showcaseshop.ua\/the-juice-en-4"},{"name":"Vegetables","oct_pages":[],"href":"http:\/\/showcaseshop.ua\/vegetables-en-4"}],"oct_pages":[],"href":"http:\/\/showcaseshop.ua\/products-en-4"},{"name":"Sets of dishes","children":[],"oct_pages":[],"href":"http:\/\/showcaseshop.ua\/sets-of-dishes-en-2"}],"oct_pages":[],"oct_image":false,"width":"100","height":"100","href":"http:\/\/showcaseshop.ua\/kitchen-appliances-en-3"},{"name":"Laptops","sort":"0","children":[{"name":"Laptops","children":[],"oct_pages":[],"href":"http:\/\/showcaseshop.ua\/laptops-en-3"},{"name":"Laptops-transformers","children":[],"oct_pages":[],"href":"http:\/\/showcaseshop.ua\/laptops-transformers-en-3"}],"oct_pages":[],"oct_image":false,"width":"100","height":"100","href":"http:\/\/showcaseshop.ua\/laptops-en-2"},{"name":"TV","sort":"0","children":[{"name":"3D TVs","children":[],"oct_pages":[],"href":"http:\/\/showcaseshop.ua\/3d-tvs-en-3"},{"name":"4K (UHD) TVs","children":[],"oct_pages":[],"href":"http:\/\/showcaseshop.ua\/4k-uhd-tvs-en-3"},{"name":"All TVs","children":[],"oct_pages":[],"href":"http:\/\/showcaseshop.ua\/all-tvs-en-3"},{"name":"OLED TVs","children":[],"oct_pages":[],"href":"http:\/\/showcaseshop.ua\/oled-tvs-en-3"},{"name":"Smart TVs","children":[],"oct_pages":[],"href":"http:\/\/showcaseshop.ua\/smart-tvs-en-3"},{"name":"TVs with curved screen","children":[],"oct_pages":[],"href":"http:\/\/showcaseshop.ua\/tvs-with-curved-screen-en-1"}],"oct_pages":[],"oct_image":false,"width":"100","height":"100","href":"http:\/\/showcaseshop.ua\/tv-en-3"},{"name":"TV, video, Hi-Fi","sort":"0","children":[{"name":"Accessories","children":[{"name":"Accessories for 3D and Smart TV","oct_pages":[],"href":"http:\/\/showcaseshop.ua\/accessories-for-3d-and-smart-tv-en-3"},{"name":"Apple TV consoles","oct_pages":[],"href":"http:\/\/showcaseshop.ua\/apple-tv-consoles-en-3"},{"name":"Brackets and racks for TV sets","oct_pages":[],"href":"http:\/\/showcaseshop.ua\/brackets-and-racks-for-tv-sets-en-2"},{"name":"Cables","oct_pages":[],"href":"http:\/\/showcaseshop.ua\/cables-en-3"},{"name":"Media Streamers","oct_pages":[],"href":"http:\/\/showcaseshop.ua\/media-streamers-en-2"},{"name":"Remote Controls","oct_pages":[],"href":"http:\/\/showcaseshop.ua\/remote-controls-en-2"},{"name":"Satellite \/ digital TV","oct_pages":[],"href":"http:\/\/showcaseshop.ua\/satellite-digital-tv-en-3"},{"name":"Smart TV consoles and DVB-T2 receivers","oct_pages":[],"href":"http:\/\/showcaseshop.ua\/smart-tv-consoles-and-dvb-t2-receivers-en-3"},{"name":"Surge Protectors","oct_pages":[],"href":"http:\/\/showcaseshop.ua\/surge-protectors-en-2"}],"oct_pages":[],"href":"http:\/\/showcaseshop.ua\/accessories-en-2"},{"name":"Audio and DJ","children":[{"name":"Audio Accessories","oct_pages":[],"href":"http:\/\/showcaseshop.ua\/audio-accessories-en-1"},{"name":"Cases for portable acoustics","oct_pages":[],"href":"http:\/\/showcaseshop.ua\/cases-for-portable-acoustics-en-3"},{"name":"DJ Controllers","oct_pages":[],"href":"http:\/\/showcaseshop.ua\/dj-controllers-en-3"},{"name":"Docking station and portable acoustics","oct_pages":[],"href":"http:\/\/showcaseshop.ua\/docking-station-and-portable-acoustics-en-3"},{"name":"Midi Music Systems","oct_pages":[],"href":"http:\/\/showcaseshop.ua\/midi-music-systems-en-1"},{"name":"Music centers","oct_pages":[],"href":"http:\/\/showcaseshop.ua\/music-centers-en-3"},{"name":"Receivers","oct_pages":[],"href":"http:\/\/showcaseshop.ua\/receivers-en-3"},{"name":"Wireless Audio Systems","oct_pages":[],"href":"http:\/\/showcaseshop.ua\/wireless-audio-systems-en-3"},{"name":"Wireless Speakers","oct_pages":[],"href":"http:\/\/showcaseshop.ua\/wireless-speakers-en-3"}],"oct_pages":[],"href":"http:\/\/showcaseshop.ua\/audio-and-dj-en-3"},{"name":"Home Theater and Hi-Fi Technology","children":[{"name":"Acoustics Hi-Fi","oct_pages":[],"href":"http:\/\/showcaseshop.ua\/acoustics-hi-fi-en-1"},{"name":"DVD, Blu-ray and media players","oct_pages":[],"href":"http:\/\/showcaseshop.ua\/dvd-blu-ray-and-media-players-en-3"},{"name":"Hi-Fi Accessories","oct_pages":[],"href":"http:\/\/showcaseshop.ua\/hi-fi-accessories-en-3"},{"name":"Hi-Fi components","oct_pages":[],"href":"http:\/\/showcaseshop.ua\/hi-fi-components-en-3"},{"name":"Hi-Fi kits","oct_pages":[],"href":"http:\/\/showcaseshop.ua\/hi-fi-kits-en-3"},{"name":"Hi-Fi Receivers","oct_pages":[],"href":"http:\/\/showcaseshop.ua\/hi-fi-receivers-en-3"},{"name":"Home Cinema","oct_pages":[],"href":"http:\/\/showcaseshop.ua\/home-cinema-en-3"},{"name":"Microphones","oct_pages":[],"href":"http:\/\/showcaseshop.ua\/microphones-en-3"},{"name":"Portable Players","oct_pages":[],"href":"http:\/\/showcaseshop.ua\/portable-players-en-3"},{"name":"Projectors and screens","oct_pages":[],"href":"http:\/\/showcaseshop.ua\/projectors-and-screens-en-1"},{"name":"Soundbars","oct_pages":[],"href":"http:\/\/showcaseshop.ua\/soundbars-en-3"}],"oct_pages":[],"href":"http:\/\/showcaseshop.ua\/home-theater-and-hi-fi-technology-en-3"},{"name":"TV","children":[{"name":"3D TVs","oct_pages":[],"href":"http:\/\/showcaseshop.ua\/3d-tvs-en-3"},{"name":"4K (UHD) TVs","oct_pages":[],"href":"http:\/\/showcaseshop.ua\/4k-uhd-tvs-en-3"},{"name":"All TVs","oct_pages":[],"href":"http:\/\/showcaseshop.ua\/all-tvs-en-3"},{"name":"OLED TVs","oct_pages":[],"href":"http:\/\/showcaseshop.ua\/oled-tvs-en-3"},{"name":"Smart TVs","oct_pages":[],"href":"http:\/\/showcaseshop.ua\/smart-tvs-en-3"},{"name":"TVs with curved screen","oct_pages":[],"href":"http:\/\/showcaseshop.ua\/tvs-with-curved-screen-en-1"}],"oct_pages":[],"href":"http:\/\/showcaseshop.ua\/tv-en-3"}],"oct_pages":[],"oct_image":false,"width":"100","height":"100","href":"http:\/\/showcaseshop.ua\/tv-video-hi-fi-en-3"},{"name":"Appliances","sort":"2","children":[{"name":"Air conditioning equipment","children":[{"name":"Conditioners","oct_pages":[],"href":"http:\/\/showcaseshop.ua\/conditioners-en-2"},{"name":"Fans","oct_pages":[],"href":"http:\/\/showcaseshop.ua\/fans-en-2"},{"name":"Floor mobile air conditioners","oct_pages":[],"href":"http:\/\/showcaseshop.ua\/floor-mobile-air-conditioners-en-2"},{"name":"Heating devices","oct_pages":[],"href":"http:\/\/showcaseshop.ua\/heating-devices-en-2"},{"name":"Humidifiers and air purifiers","oct_pages":[],"href":"http:\/\/showcaseshop.ua\/humidifiers-and-air-purifiers-en-1"},{"name":"Split systems","oct_pages":[],"href":"http:\/\/showcaseshop.ua\/split-systems-en-2"},{"name":"Water heaters","oct_pages":[],"href":"http:\/\/showcaseshop.ua\/water-heaters-en-2"}],"oct_pages":[],"href":"http:\/\/showcaseshop.ua\/air-conditioning-equipment-en-2"},{"name":"Clothing care products","children":[{"name":"Accessories for sewing machines","oct_pages":[],"href":"http:\/\/showcaseshop.ua\/accessories-for-sewing-machines-en-2"},{"name":"Hand steamers","oct_pages":[],"href":"http:\/\/showcaseshop.ua\/hand-steamers-en-1"},{"name":"Irons","oct_pages":[],"href":"http:\/\/showcaseshop.ua\/irons-en-2"},{"name":"Overlocks","oct_pages":[],"href":"http:\/\/showcaseshop.ua\/overlocks-en-1"},{"name":"Sewing machines","oct_pages":[],"href":"http:\/\/showcaseshop.ua\/sewing-machines-en-2"},{"name":"Steam Cleaners","oct_pages":[],"href":"http:\/\/showcaseshop.ua\/steam-cleaners-en-2"},{"name":"Steam Generators","oct_pages":[],"href":"http:\/\/showcaseshop.ua\/steam-generators-en-1"}],"oct_pages":[],"href":"http:\/\/showcaseshop.ua\/clothing-care-products-en-2"},{"name":"Gadgets","children":[{"name":"Accessories for smartphones","oct_pages":[],"href":"http:\/\/showcaseshop.ua\/accessories-for-smartphones-en-1"},{"name":"Gyroscope","oct_pages":[],"href":"http:\/\/showcaseshop.ua\/gyroscope-en-1"},{"name":"Quadcopters","oct_pages":[],"href":"http:\/\/showcaseshop.ua\/quadcopters-en-4"},{"name":"Smart scales","oct_pages":[],"href":"http:\/\/showcaseshop.ua\/smart-scales-en-4"},{"name":"Fitness trackers","oct_pages":[],"href":"http:\/\/showcaseshop.ua\/fitness-trackers-en-4"},{"name":"Smart watches","oct_pages":[],"href":"http:\/\/showcaseshop.ua\/smart-watches-en-4"},{"name":"Bluetooth speakers","oct_pages":[],"href":"http:\/\/showcaseshop.ua\/bluetooth-speakers-en-4"}],"oct_pages":[],"href":"http:\/\/showcaseshop.ua\/gadgets-en-3"},{"name":"Home accessories","children":[{"name":"Accessories for irons","oct_pages":[],"href":"http:\/\/showcaseshop.ua\/accessories-for-irons-en-2"},{"name":"Accessories for vacuum cleaners","oct_pages":[],"href":"http:\/\/showcaseshop.ua\/accessories-for-vacuum-cleaners-en-2"},{"name":"Accessories for washing machines","oct_pages":[],"href":"http:\/\/showcaseshop.ua\/accessories-for-washing-machines-en-2"},{"name":"Batteries and accumulators","oct_pages":[],"href":"http:\/\/showcaseshop.ua\/batteries-and-accumulators-en-2"},{"name":"Care of things","oct_pages":[],"href":"http:\/\/showcaseshop.ua\/care-of-things-en-2"},{"name":"Ironing board","oct_pages":[],"href":"http:\/\/showcaseshop.ua\/ironing-board-en-2"},{"name":"Lighting","oct_pages":[],"href":"http:\/\/showcaseshop.ua\/lighting-en-1"},{"name":"Other household goods","oct_pages":[],"href":"http:\/\/showcaseshop.ua\/other-household-goods-en-2"},{"name":"Surge protectors and extenders","oct_pages":[],"href":"http:\/\/showcaseshop.ua\/surge-protectors-and-extenders-en-2"}],"oct_pages":[],"href":"http:\/\/showcaseshop.ua\/home-accessories-en-2"},{"name":"TV, video, Hi-Fi","children":[{"name":"Accessories","oct_pages":[],"href":"http:\/\/showcaseshop.ua\/accessories-en-2"},{"name":"Audio and DJ","oct_pages":[],"href":"http:\/\/showcaseshop.ua\/audio-and-dj-en-3"},{"name":"Home Theater and Hi-Fi Technology","oct_pages":[],"href":"http:\/\/showcaseshop.ua\/home-theater-and-hi-fi-technology-en-3"},{"name":"TV","oct_pages":[],"href":"http:\/\/showcaseshop.ua\/tv-en-3"}],"oct_pages":[],"href":"http:\/\/showcaseshop.ua\/tv-video-hi-fi-en-3"},{"name":"Vacuum cleaners","children":[{"name":"Accumulator and car vacuum cleaners","oct_pages":[],"href":"http:\/\/showcaseshop.ua\/accumulator-and-car-vacuum-cleaners-en-2"},{"name":"High Pressure Washers","oct_pages":[],"href":"http:\/\/showcaseshop.ua\/high-pressure-washers-en-2"},{"name":"Robotic Vacuum Cleaners","oct_pages":[],"href":"http:\/\/showcaseshop.ua\/robotic-vacuum-cleaners-en-2"},{"name":"Vacuum cleaners Hand stick","oct_pages":[],"href":"http:\/\/showcaseshop.ua\/vacuum-cleaners-hand-stick-en-1"},{"name":"Vacuum cleaners with dust collector","oct_pages":[],"href":"http:\/\/showcaseshop.ua\/vacuum-cleaners-with-dust-collector-en-2"},{"name":"Vacuum cleaners with dust container","oct_pages":[],"href":"http:\/\/showcaseshop.ua\/vacuum-cleaners-with-dust-container-en-2"},{"name":"Vacuum cleaners with water filter","oct_pages":[],"href":"http:\/\/showcaseshop.ua\/vacuum-cleaners-with-water-filter-en-2"},{"name":"Washing vacuum cleaners","oct_pages":[],"href":"http:\/\/showcaseshop.ua\/washing-vacuum-cleaners-en-1"},{"name":"Windscreen wipers","oct_pages":[],"href":"http:\/\/showcaseshop.ua\/windscreen-wipers-en-2"}],"oct_pages":[],"href":"http:\/\/showcaseshop.ua\/vacuum-cleaners-en-2"},{"name":"Washing and drying machines","children":[{"name":"Compact washing machines","oct_pages":[],"href":"http:\/\/showcaseshop.ua\/compact-washing-machines-en-2"},{"name":"Mini washing machines activator type","oct_pages":[],"href":"http:\/\/showcaseshop.ua\/mini-washing-machines-activator-type-en-2"},{"name":"Standard drying machines","oct_pages":[],"href":"http:\/\/showcaseshop.ua\/standard-drying-machines-en-2"},{"name":"Standard washing machines","oct_pages":[],"href":"http:\/\/showcaseshop.ua\/standard-washing-machines-en-2"},{"name":"Steam wardrobe for clothing care","oct_pages":[],"href":"http:\/\/showcaseshop.ua\/steam-wardrobe-for-clothing-care-en-2"},{"name":"Washing machine with two drums","oct_pages":[],"href":"http:\/\/showcaseshop.ua\/washing-machine-with-two-drums-en-2"},{"name":"Washing machines","oct_pages":[],"href":"http:\/\/showcaseshop.ua\/washing-machines-en-2"},{"name":"Washing machines with vertical loading","oct_pages":[],"href":"http:\/\/showcaseshop.ua\/washing-machines-with-vertical-loading-en-2"}],"oct_pages":[],"href":"http:\/\/showcaseshop.ua\/washing-and-drying-machines-en-2"}],"oct_pages":[],"oct_image":false,"width":"100","height":"100","href":"http:\/\/showcaseshop.ua\/appliances-en"}],"oct_pages":[],"oct_image":"http:\/\/showcaseshop.ua\/image\/catalog\/remarket\/menu-icons\/bytovaja-tehnika.svg","show_image":false,"width":32,"height":32,"subcat_image_width":"100","subcat_image_height":"100","href":"appliances-en"},{"name":"Products","sort":"58","type":"category","view":"1","column":1,"target":"","children":[{"name":"Bread","sort":"0","children":[],"oct_pages":[],"oct_image":"http:\/\/showcaseshop.ua\/image\/cache\/webp\/catalog\/products\/bread-2-100x100.webp","width":"100","height":"100","href":"http:\/\/showcaseshop.ua\/bread-en-4"},{"name":"Canned food","sort":"0","children":[],"oct_pages":[],"oct_image":"http:\/\/showcaseshop.ua\/image\/cache\/webp\/catalog\/products\/canned-food-100x100.webp","width":"100","height":"100","href":"http:\/\/showcaseshop.ua\/canned-food-en-4"},{"name":"Cheeses","sort":"0","children":[],"oct_pages":[],"oct_image":"http:\/\/showcaseshop.ua\/image\/cache\/webp\/catalog\/products\/cheeses-1-100x100.webp","width":"100","height":"100","href":"http:\/\/showcaseshop.ua\/cheeses-en-4"},{"name":"Chemistry","sort":"0","children":[{"name":"Shampoo","children":[],"oct_pages":[],"href":"http:\/\/showcaseshop.ua\/shampoo-en-4"},{"name":"Soap","children":[],"oct_pages":[],"href":"http:\/\/showcaseshop.ua\/soap-en-4"},{"name":"Toilet paper","children":[],"oct_pages":[],"href":"http:\/\/showcaseshop.ua\/toilet-paper-en-4"},{"name":"Toothpaste","children":[],"oct_pages":[],"href":"http:\/\/showcaseshop.ua\/toothpaste-en-4"}],"oct_pages":[],"oct_image":"http:\/\/showcaseshop.ua\/image\/cache\/webp\/catalog\/products\/promtovari-100x100.webp","width":"100","height":"100","href":"http:\/\/showcaseshop.ua\/chemistry-en-4"},{"name":"Chocolate","sort":"0","children":[],"oct_pages":[],"oct_image":"http:\/\/showcaseshop.ua\/image\/cache\/webp\/catalog\/products\/chocolate-100x100.webp","width":"100","height":"100","href":"http:\/\/showcaseshop.ua\/chocolate-en-4"},{"name":"Coffee","sort":"0","children":[],"oct_pages":[],"oct_image":"http:\/\/showcaseshop.ua\/image\/cache\/webp\/catalog\/products\/coffee-100x100.webp","width":"100","height":"100","href":"http:\/\/showcaseshop.ua\/coffee-en-4"},{"name":"Frozen products","sort":"0","children":[],"oct_pages":[],"oct_image":"http:\/\/showcaseshop.ua\/image\/cache\/webp\/catalog\/products\/dumplings-100x100.webp","width":"100","height":"100","href":"http:\/\/showcaseshop.ua\/frozen-products-en-4"},{"name":"Fruits","sort":"0","children":[],"oct_pages":[],"oct_image":"http:\/\/showcaseshop.ua\/image\/cache\/webp\/catalog\/products\/fruits-100x100.webp","width":"100","height":"100","href":"http:\/\/showcaseshop.ua\/fruits-en-4"},{"name":"Grocery","sort":"0","children":[],"oct_pages":[],"oct_image":"http:\/\/showcaseshop.ua\/image\/cache\/webp\/catalog\/products\/grocery-100x100.webp","width":"100","height":"100","href":"http:\/\/showcaseshop.ua\/grocery-en-4"},{"name":"Lemonade","sort":"0","children":[],"oct_pages":[],"oct_image":"http:\/\/showcaseshop.ua\/image\/cache\/webp\/catalog\/products\/limonade-100x100.webp","width":"100","height":"100","href":"http:\/\/showcaseshop.ua\/lemonade-en-4"},{"name":"Meat","sort":"0","children":[],"oct_pages":[],"oct_image":"http:\/\/showcaseshop.ua\/image\/cache\/webp\/catalog\/products\/meat-100x100.webp","width":"100","height":"100","href":"http:\/\/showcaseshop.ua\/meat-en-4"},{"name":"Milk","sort":"0","children":[],"oct_pages":[],"oct_image":"http:\/\/showcaseshop.ua\/image\/cache\/webp\/catalog\/products\/milk-1-100x100.webp","width":"100","height":"100","href":"http:\/\/showcaseshop.ua\/milk-en-4"},{"name":"Mineral water","sort":"0","children":[],"oct_pages":[],"oct_image":"http:\/\/showcaseshop.ua\/image\/cache\/webp\/catalog\/products\/mineral-water-100x100.webp","width":"100","height":"100","href":"http:\/\/showcaseshop.ua\/mineral-water-en-4"},{"name":"Oil","sort":"0","children":[],"oct_pages":[],"oct_image":"http:\/\/showcaseshop.ua\/image\/cache\/webp\/catalog\/products\/oils-100x100.webp","width":"100","height":"100","href":"http:\/\/showcaseshop.ua\/oil-en-4"},{"name":"Sausages","sort":"0","children":[],"oct_pages":[],"oct_image":"http:\/\/showcaseshop.ua\/image\/cache\/webp\/catalog\/products\/sausages-100x100.webp","width":"100","height":"100","href":"http:\/\/showcaseshop.ua\/sausages-en-4"},{"name":"Seafood","sort":"0","children":[],"oct_pages":[],"oct_image":"http:\/\/showcaseshop.ua\/image\/cache\/webp\/catalog\/products\/seafood-100x100.webp","width":"100","height":"100","href":"http:\/\/showcaseshop.ua\/seafood-en-4"},{"name":"Shampoo","sort":"0","children":[],"oct_pages":[],"oct_image":"http:\/\/showcaseshop.ua\/image\/cache\/webp\/catalog\/products\/shampoo-100x100.webp","width":"100","height":"100","href":"http:\/\/showcaseshop.ua\/shampoo-en-4"},{"name":"Soap","sort":"0","children":[],"oct_pages":[],"oct_image":"http:\/\/showcaseshop.ua\/image\/cache\/webp\/catalog\/products\/soap-100x100.webp","width":"100","height":"100","href":"http:\/\/showcaseshop.ua\/soap-en-4"},{"name":"Tea","sort":"0","children":[],"oct_pages":[],"oct_image":"http:\/\/showcaseshop.ua\/image\/cache\/webp\/catalog\/products\/tea-100x100.webp","width":"100","height":"100","href":"http:\/\/showcaseshop.ua\/tea-en-4"},{"name":"The juice","sort":"0","children":[],"oct_pages":[],"oct_image":"http:\/\/showcaseshop.ua\/image\/cache\/webp\/catalog\/products\/juice-1-100x100.webp","width":"100","height":"100","href":"http:\/\/showcaseshop.ua\/the-juice-en-4"},{"name":"Toilet paper","sort":"0","children":[],"oct_pages":[],"oct_image":"http:\/\/showcaseshop.ua\/image\/cache\/webp\/catalog\/products\/toilet-paper\/toilet-paper-100x100.webp","width":"100","height":"100","href":"http:\/\/showcaseshop.ua\/toilet-paper-en-4"},{"name":"Toothpaste","sort":"0","children":[],"oct_pages":[],"oct_image":"http:\/\/showcaseshop.ua\/image\/cache\/webp\/catalog\/products\/toothpaste-100x100.webp","width":"100","height":"100","href":"http:\/\/showcaseshop.ua\/toothpaste-en-4"},{"name":"Vegetables","sort":"0","children":[],"oct_pages":[],"oct_image":"http:\/\/showcaseshop.ua\/image\/cache\/webp\/catalog\/products\/vegetables-100x100.webp","width":"100","height":"100","href":"http:\/\/showcaseshop.ua\/vegetables-en-4"}],"oct_pages":[],"oct_image":"http:\/\/showcaseshop.ua\/image\/catalog\/remarket\/menu-icons\/food.svg","show_image":"on","width":32,"height":32,"subcat_image_width":"100","subcat_image_height":"100","href":"kitchen-appliances-en-3\/products-en-4"},{"name":"Promotions","sort":"66","type":"link","view":0,"column":1,"target":"","children":false,"oct_pages":[],"oct_image":"http:\/\/showcaseshop.ua\/image\/catalog\/remarket\/menu-icons\/thumbs-up.svg","show_image":false,"width":32,"height":32,"subcat_image_width":32,"subcat_image_height":32,"href":"\/index.php?route=product\/special"},{"name":"Manufacturers","sort":"88","type":"link","view":0,"column":1,"target":"","children":false,"oct_pages":[],"oct_image":"http:\/\/showcaseshop.ua\/image\/catalog\/remarket\/menu-icons\/stars.svg","show_image":false,"width":32,"height":32,"subcat_image_width":32,"subcat_image_height":32,"href":"\/index.php?route=product\/manufacturer"},{"name":"Product search","sort":"99","type":"link","view":0,"column":1,"target":"","children":false,"oct_pages":[],"oct_image":"http:\/\/showcaseshop.ua\/image\/catalog\/remarket\/menu-icons\/iwwa_search.svg","show_image":false,"width":32,"height":32,"subcat_image_width":32,"subcat_image_height":32,"href":"\/index.php?route=product\/search"}]