[{"name":"Apple","children":[{"children":[],"oct_pages":false,"name":"Apple TV","href":"http:\/\/showcaseshop.ua\/apple-en-3\/apple-tv-en"},{"children":[],"oct_pages":false,"name":"Apple Watch","href":"http:\/\/showcaseshop.ua\/apple-en-3\/apple-watch-en-4"},{"children":[],"oct_pages":false,"name":"iPad","href":"http:\/\/showcaseshop.ua\/apple-en-3\/ipad-en"},{"children":[],"oct_pages":[{"page_group":{"1":"\u041a\u0443\u043f\u0438\u0442\u044c \u043d\u043e\u0432\u044b\u0439 iphone","3":"\u041a\u0443\u043f\u0438\u0442\u0438 \u043d\u043e\u0432\u0438\u0439 iphone","2":"Buy new iphone"},"page_links":[{"1":{"title":"iPhone X","link":"apple-ru-3\/iphone-ru\/serija-iphone-x"},"3":{"title":"iPhone X","link":"apple-ru-3\/iphone-ru\/serija-iphone-x-ua"},"2":{"title":"iPhone X","link":"apple-ru-3\/iphone-ru\/serija-iphone-x-en"}},{"1":{"title":"iPhone XI","link":"apple-ru-3\/iphone-ru\/serija-iphone-xi"},"3":{"title":"iPhone XI","link":"apple-ua-3\/iphone-ua\/serija-iphone-xi-ua"},"2":{"title":"iPhone XI","link":"apple-en-3\/iphone-en\/serija-iphone-xi-en"}},{"1":{"title":" iPhone XI Pro","link":"apple-ru-3\/iphone-ru\/serija-iphone-xi-pro"},"3":{"title":" iPhone XI Pro","link":"apple-ua-3\/iphone-ua\/serija-iphone-xi-pro-ua"},"2":{"title":" iPhone XI Pro","link":"apple-en-3\/iphone-en\/serija-iphone-xi-pro-en"}},{"1":{"title":"iPhone XI Pro Max","link":"apple-ru-3\/iphone-ru\/serija-iphone-xi-pro-max"},"3":{"title":"iPhone XI Pro Max","link":"apple-ua-3\/iphone-ua\/serija-iphone-xi-pro-max-ua"},"2":{"title":"iPhone XI Pro Max","link":"apple-en-3\/iphone-en\/serija-iphone-xi-pro-max-en"}},{"1":{"title":" iPhone Xr","link":"apple-ru-3\/iphone-ru\/serija-iphone-xr"},"3":{"title":" iPhone Xr","link":"apple-ua-3\/iphone-ua\/serija-iphone-xr-ua"},"2":{"title":" iPhone Xr","link":"apple-en-3\/iphone-en\/serija-iphone-xr-en"}},{"1":{"title":" iPhone Xs","link":"apple-ru-3\/iphone-ru\/serija-iphone-xs"},"3":{"title":" iPhone Xs","link":"apple-ua-3\/iphone-ua\/serija-iphone-xs-ua"},"2":{"title":" iPhone Xs","link":"apple-en-3\/iphone-en\/serija-iphone-xs-en"}},{"1":{"title":"iPhone Xs Max","link":"apple-ru-3\/iphone-ru\/serija-iphone-xs-max"},"3":{"title":"iPhone Xs Max","link":"apple-ua-3\/iphone-ua\/serija-iphone-xs-max-ua"},"2":{"title":"iPhone Xs Max","link":"apple-en-3\/iphone-en\/serija-iphone-xs-max-en"}}]},{"page_group":{"1":"\u041f\u043e \u0446\u0435\u043d\u0435","3":"\u0417\u0430 \u0446\u0456\u043d\u043e\u044e","2":"By price"},"page_links":{"7":{"1":{"title":"60 000 - 75 000","link":"apple-ru-3\/iphone-ru\/price-60000-75000"},"3":{"title":"60 000 - 75 000","link":"apple-ua-3\/iphone-ua\/price-60000-75000-ua"},"2":{"title":"60 000 - 75 000","link":"apple-en-3\/iphone-en\/price-60000-75000-en"}},"8":{"1":{"title":"75 000 - 80 000","link":"apple-ru-3\/iphone-ru\/price-75000-80000"},"3":{"title":"75 000 - 80 000","link":"apple-ua-3\/iphone-ua\/price-75000-80000-ua"},"2":{"title":"75 000 - 80 000","link":"apple-en-3\/iphone-en\/price-75000-80000-en"}},"9":{"1":{"title":"80 000 - 85 000","link":"apple-ru-3\/iphone-ru\/price-80000-85000"},"3":{"title":"80 000 - 85 000","link":"apple-ua-3\/iphone-ua\/price-80000-85000-ua"},"2":{"title":"80 000 - 85 000","link":"apple-en-3\/iphone-en\/price-80000-85000-en"}},"10":{"1":{"title":"85 000 - 90 000","link":"apple-ru-3\/iphone-ru\/price-85000-90000"},"3":{"title":"85 000 - 90 000","link":"apple-ua-3\/iphone-ua\/price-85000-90000-ua"},"2":{"title":"85 000 - 90 000","link":"apple-en-3\/iphone-en\/price-85000-90000-en"}},"11":{"1":{"title":"90 000 - 100 000","link":"apple-ru-3\/iphone-ru\/price-90000-100000"},"3":{"title":"90 000 - 100 000","link":"apple-ua-3\/iphone-ua\/price-90000-100000-ua"},"2":{"title":"90 000 - 100 000","link":"apple-en-3\/iphone-en\/price-90000-100000-en"}},"12":{"1":{"title":"100 000 - 115 000","link":"apple-ru-3\/iphone-ru\/price-100000-115000"},"3":{"title":"100 000 - 115 000","link":"apple-ua-3\/iphone-ua\/price-100000-115000-ua"},"2":{"title":"100 000 - 115 000","link":"apple-en-3\/iphone-en\/price-100000-115000-en"}}}},{"page_group":{"1":"\u041e\u0431\u044a\u0435\u043c \u043f\u0430\u043c\u044f\u0442\u0438","3":"\u041e\u0431\u0441\u044f\u0433 \u043f\u0430\u043c'\u044f\u0442\u0456","2":"Memory size"},"page_links":{"13":{"1":{"title":"64 \u0413\u0411","link":"apple-ru-3\/iphone-ru\/vstroennaja-pamjat-rom-64-gb"},"3":{"title":"64 \u0413\u0411","link":"apple-ua-3\/iphone-ua\/vstroennaja-pamjat-rom-64-gb-ua"},"2":{"title":"64 gb","link":"apple-en-3\/iphone-en\/vstroennaja-pamjat-rom-64-gb-en"}},"14":{"1":{"title":"128 \u0413\u0411","link":"apple-ru-3\/iphone-ru\/vstroennaja-pamjat-rom-128-gb"},"3":{"title":"128 \u0413\u0411","link":"apple-ua-3\/iphone-ua\/vstroennaja-pamjat-rom-128-gb-ua"},"2":{"title":"128 gb","link":"apple-en-3\/iphone-en\/vstroennaja-pamjat-rom-128-gb-en"}},"15":{"1":{"title":"256  \u0413\u0411","link":"apple-ru-3\/iphone-ru\/vstroennaja-pamjat-rom-256-gb"},"3":{"title":"256 \u0413\u0411","link":"apple-ua-3\/iphone-ua\/vstroennaja-pamjat-rom-256-gb-ua"},"2":{"title":"256  gb","link":"apple-en-3\/iphone-en\/vstroennaja-pamjat-rom-256-gb-en"}},"16":{"1":{"title":"512  \u0413\u0411","link":"apple-ru-3\/iphone-ru\/vstroennaja-pamjat-rom-512-gb"},"3":{"title":"512  \u0413\u0411","link":"apple-ua-3\/iphone-ua\/vstroennaja-pamjat-rom-512-gb-ua"},"2":{"title":"512  gb","link":"apple-en-3\/iphone-en\/vstroennaja-pamjat-rom-512-gb-en"}}}},{"page_group":{"1":"\u0414\u0438\u0430\u0433\u043e\u043d\u0430\u043b\u044c \u044d\u043a\u0440\u0430\u043d\u0430","3":"\u0414\u0456\u0430\u0433\u043e\u043d\u0430\u043b\u044c \u0435\u043a\u0440\u0430\u043d\u0443","2":"Screen diagonal"},"page_links":{"17":{"1":{"title":"5.8&quot;(14.5 \u0441\u043c)","link":"apple-ru-3\/iphone-ru\/diagonal-5-8"},"3":{"title":"5.8&quot;(14.5 \u0441\u043c)","link":"apple-ua-3\/iphone-ua\/diagonal-5-8-ua"},"2":{"title":"5.8&quot;(14.5 \u0441\u043c)","link":"apple-en-3\/iphone-en\/diagonal-5-8-en"}},"18":{"1":{"title":"6.1&quot;(15.3 \u0441\u043c)","link":"apple-ru-3\/iphone-ru\/diagonal-6-1-153"},"3":{"title":"6.1&quot;(15.3 \u0441\u043c)","link":"apple-ua-3\/iphone-ua\/diagonal-6-1-153-ua"},"2":{"title":"6.1&quot;(15.3 \u0441\u043c)","link":"apple-en-3\/iphone-en\/diagonal-6-1-153-en"}},"19":{"1":{"title":"6.1&quot;(15.5 \u0441\u043c)","link":"apple-ru-3\/iphone-ru\/diagonal-6-1-155"},"3":{"title":"6.1&quot;(15.5 \u0441\u043c)","link":"apple-ua-3\/iphone-ua\/diagonal-6-1-155-ua"},"2":{"title":"6.1&quot;(15.5 \u0441\u043c)","link":"apple-en-3\/iphone-en\/diagonal-6-1-155-en"}},"20":{"1":{"title":"6.5&quot;(16.5 \u0441\u043c)","link":"apple-ru-3\/iphone-ru\/diagonal-6-5"},"3":{"title":"6.5&quot;(16.5 \u0441\u043c)","link":"apple-ua-3\/iphone-ua\/diagonal-6-5-ua"},"2":{"title":"6.5&quot;(16.5 \u0441\u043c)","link":"apple-en-3\/iphone-en\/diagonal-6-5-en"}}}}],"name":"iPhone","href":"http:\/\/showcaseshop.ua\/apple-en-3\/iphone-en"},{"children":[],"oct_pages":false,"name":"iPod","href":"http:\/\/showcaseshop.ua\/apple-en-3\/ipod-en"},{"children":[],"oct_pages":false,"name":"Mac","href":"http:\/\/showcaseshop.ua\/apple-en-3\/mac-en"},{"children":[],"oct_pages":false,"name":"MacBook","href":"http:\/\/showcaseshop.ua\/apple-en-3\/macbook-en-2"},{"children":[],"oct_pages":false,"name":"Beats","href":"http:\/\/showcaseshop.ua\/apple-en-3\/beats-en-1"}],"column":1,"oct_pages":false,"oct_image":"http:\/\/showcaseshop.ua\/image\/catalog\/remarket\/menu-icons\/apple-logo.svg","width":32,"height":32,"href":"http:\/\/showcaseshop.ua\/apple-en-3"},{"name":"Children's goods","children":[{"children":[],"oct_pages":false,"name":"Bicycles","href":"http:\/\/showcaseshop.ua\/childrens-goods-en-4\/bicycles-en-4"},{"children":[],"oct_pages":false,"name":"Carriages","href":"http:\/\/showcaseshop.ua\/childrens-goods-en-4\/carriages-en-4"},{"children":[],"oct_pages":false,"name":"Toys","href":"http:\/\/showcaseshop.ua\/childrens-goods-en-4\/toys-en-4"}],"column":1,"oct_pages":false,"oct_image":"http:\/\/showcaseshop.ua\/image\/catalog\/remarket\/menu-icons\/baby-stroller.svg","width":32,"height":32,"href":"http:\/\/showcaseshop.ua\/childrens-goods-en-4"},{"name":"For Women","children":[{"children":[],"oct_pages":false,"name":"Underwear","href":"http:\/\/showcaseshop.ua\/for-women-en-3\/underwear-en-4"},{"children":[],"oct_pages":false,"name":"Dresses","href":"http:\/\/showcaseshop.ua\/for-women-en-3\/dresses-en-4"},{"children":[],"oct_pages":false,"name":"Sport","href":"http:\/\/showcaseshop.ua\/for-women-en-3\/sport-en-4"},{"children":[],"oct_pages":false,"name":"Outwear","href":"http:\/\/showcaseshop.ua\/for-women-en-3\/outwear-en-4"},{"children":[],"oct_pages":false,"name":"Shoes","href":"http:\/\/showcaseshop.ua\/for-women-en-3\/shoes-en-4"},{"children":[],"oct_pages":false,"name":"Accessories ","href":"http:\/\/showcaseshop.ua\/for-women-en-3\/accessories-en-4"},{"children":[],"oct_pages":false,"name":"Perfumery","href":"http:\/\/showcaseshop.ua\/for-women-en-3\/perfumery-en-4"}],"column":1,"oct_pages":false,"oct_image":"http:\/\/showcaseshop.ua\/image\/catalog\/remarket\/menu-icons\/dress.svg","width":32,"height":32,"href":"http:\/\/showcaseshop.ua\/for-women-en-3"},{"name":"Interior","children":[{"children":[{"children":[],"category_id":"390","name":"Candlesticks","href":"http:\/\/showcaseshop.ua\/interior-en-3\/accessories-en-3\/candlesticks-en-3"},{"children":[],"category_id":"387","name":"Clock","href":"http:\/\/showcaseshop.ua\/interior-en-3\/accessories-en-3\/clock-en-3"},{"children":[],"category_id":"389","name":"Decor","href":"http:\/\/showcaseshop.ua\/interior-en-3\/accessories-en-3\/decor-en-3"},{"children":[],"category_id":"386","name":"Mirrors","href":"http:\/\/showcaseshop.ua\/interior-en-3\/accessories-en-3\/mirrors-en-3"}],"oct_pages":false,"name":"Accessories","href":"http:\/\/showcaseshop.ua\/interior-en-3\/accessories-en-3"},{"children":[{"children":[],"category_id":"377","name":"Armchairs","href":"http:\/\/showcaseshop.ua\/interior-en-3\/furniture-en-3\/armchairs-en-3"},{"children":[],"category_id":"379","name":"Chairs","href":"http:\/\/showcaseshop.ua\/interior-en-3\/furniture-en-3\/chairs-en-3"},{"children":[],"category_id":"376","name":"Sofas","href":"http:\/\/showcaseshop.ua\/interior-en-3\/furniture-en-3\/sofas-en-3"},{"children":[],"category_id":"378","name":"Tables","href":"http:\/\/showcaseshop.ua\/interior-en-3\/furniture-en-3\/tables-en-3"}],"oct_pages":false,"name":"Furniture","href":"http:\/\/showcaseshop.ua\/interior-en-3\/furniture-en-3"},{"children":[{"children":[],"category_id":"383","name":"Chandeliers","href":"http:\/\/showcaseshop.ua\/interior-en-3\/light-en-3\/chandeliers-en-3"},{"children":[],"category_id":"382","name":"Floor lamps","href":"http:\/\/showcaseshop.ua\/interior-en-3\/light-en-3\/floor-lamps-en-3"},{"children":[],"category_id":"384","name":"Sconces","href":"http:\/\/showcaseshop.ua\/interior-en-3\/light-en-3\/sconces-en-3"},{"children":[],"category_id":"381","name":"Table lamps","href":"http:\/\/showcaseshop.ua\/interior-en-3\/light-en-3\/table-lamps-en-3"}],"oct_pages":false,"name":"Light","href":"http:\/\/showcaseshop.ua\/interior-en-3\/light-en-3"},{"children":[{"children":[],"category_id":"392","name":"Baths","href":"http:\/\/showcaseshop.ua\/interior-en-3\/sanitary-engineering-en-3\/baths-en-3"},{"children":[],"category_id":"393","name":"Cabins","href":"http:\/\/showcaseshop.ua\/interior-en-3\/sanitary-engineering-en-3\/cabins-en-3"},{"children":[],"category_id":"395","name":"Furniture","href":"http:\/\/showcaseshop.ua\/interior-en-3\/sanitary-engineering-en-3\/furniture-en-4"},{"children":[],"category_id":"394","name":"Mixers","href":"http:\/\/showcaseshop.ua\/interior-en-3\/sanitary-engineering-en-3\/mixers-en-3"}],"oct_pages":false,"name":"Sanitary engineering","href":"http:\/\/showcaseshop.ua\/interior-en-3\/sanitary-engineering-en-3"}],"column":1,"oct_pages":false,"oct_image":"http:\/\/showcaseshop.ua\/image\/catalog\/remarket\/menu-icons\/sofa.svg","width":32,"height":32,"href":"http:\/\/showcaseshop.ua\/interior-en-3"},{"name":"Kitchen Appliances","children":[{"children":[],"oct_pages":false,"name":"Buckets english","href":"http:\/\/showcaseshop.ua\/kitchen-appliances-en-3\/buckets-english-en"},{"children":[],"oct_pages":false,"name":"Containers for food","href":"http:\/\/showcaseshop.ua\/kitchen-appliances-en-3\/containers-for-food-en-3"},{"children":[],"oct_pages":false,"name":"Forms for baking","href":"http:\/\/showcaseshop.ua\/kitchen-appliances-en-3\/forms-for-baking-en-3"},{"children":[],"oct_pages":false,"name":"Kitchen accessories","href":"http:\/\/showcaseshop.ua\/kitchen-appliances-en-3\/kitchen-accessories-en-3"},{"children":[],"oct_pages":false,"name":"Kitchen knives and cutlery sets","href":"http:\/\/showcaseshop.ua\/kitchen-appliances-en-3\/kitchen-knives-and-cutlery-sets-en-2"},{"children":[],"oct_pages":false,"name":"Pans","href":"http:\/\/showcaseshop.ua\/kitchen-appliances-en-3\/pans-en-3"},{"children":[],"oct_pages":false,"name":"Pots","href":"http:\/\/showcaseshop.ua\/kitchen-appliances-en-3\/pots-en-3"},{"children":[{"children":[],"category_id":"434","name":"Bread","href":"http:\/\/showcaseshop.ua\/kitchen-appliances-en-3\/products-en-4\/bread-en-4"},{"children":[],"category_id":"432","name":"Canned food","href":"http:\/\/showcaseshop.ua\/kitchen-appliances-en-3\/products-en-4\/canned-food-en-4"},{"children":[],"category_id":"426","name":"Cheeses","href":"http:\/\/showcaseshop.ua\/kitchen-appliances-en-3\/products-en-4\/cheeses-en-4"},{"children":[{"children":[],"category_id":"452","name":"Shampoo","href":"http:\/\/showcaseshop.ua\/kitchen-appliances-en-3\/products-en-4\/chemistry-en-4\/shampoo-en-4"},{"children":[],"category_id":"451","name":"Soap","href":"http:\/\/showcaseshop.ua\/kitchen-appliances-en-3\/products-en-4\/chemistry-en-4\/soap-en-4"},{"children":[],"category_id":"454","name":"Toilet paper","href":"http:\/\/showcaseshop.ua\/kitchen-appliances-en-3\/products-en-4\/chemistry-en-4\/toilet-paper-en-4"},{"children":[],"category_id":"453","name":"Toothpaste","href":"http:\/\/showcaseshop.ua\/kitchen-appliances-en-3\/products-en-4\/chemistry-en-4\/toothpaste-en-4"}],"category_id":"450","name":"Chemistry","href":"http:\/\/showcaseshop.ua\/kitchen-appliances-en-3\/products-en-4\/chemistry-en-4"},{"children":[],"category_id":"440","name":"Chocolate","href":"http:\/\/showcaseshop.ua\/kitchen-appliances-en-3\/products-en-4\/chocolate-en-4"},{"children":[],"category_id":"439","name":"Coffee","href":"http:\/\/showcaseshop.ua\/kitchen-appliances-en-3\/products-en-4\/coffee-en-4"},{"children":[],"category_id":"437","name":"Frozen products","href":"http:\/\/showcaseshop.ua\/kitchen-appliances-en-3\/products-en-4\/frozen-products-en-4"},{"children":[],"category_id":"436","name":"Fruits","href":"http:\/\/showcaseshop.ua\/kitchen-appliances-en-3\/products-en-4\/fruits-en-4"},{"children":[],"category_id":"433","name":"Grocery","href":"http:\/\/showcaseshop.ua\/kitchen-appliances-en-3\/products-en-4\/grocery-en-4"},{"children":[],"category_id":"442","name":"Lemonade","href":"http:\/\/showcaseshop.ua\/kitchen-appliances-en-3\/products-en-4\/lemonade-en-4"},{"children":[],"category_id":"430","name":"Meat","href":"http:\/\/showcaseshop.ua\/kitchen-appliances-en-3\/products-en-4\/meat-en-4"},{"children":[],"category_id":"428","name":"Milk","href":"http:\/\/showcaseshop.ua\/kitchen-appliances-en-3\/products-en-4\/milk-en-4"},{"children":[],"category_id":"441","name":"Mineral water","href":"http:\/\/showcaseshop.ua\/kitchen-appliances-en-3\/products-en-4\/mineral-water-en-4"},{"children":[],"category_id":"427","name":"Oil","href":"http:\/\/showcaseshop.ua\/kitchen-appliances-en-3\/products-en-4\/oil-en-4"},{"children":[],"category_id":"425","name":"Sausages","href":"http:\/\/showcaseshop.ua\/kitchen-appliances-en-3\/products-en-4\/sausages-en-4"},{"children":[],"category_id":"431","name":"Seafood","href":"http:\/\/showcaseshop.ua\/kitchen-appliances-en-3\/products-en-4\/seafood-en-4"},{"children":[],"category_id":"438","name":"Tea","href":"http:\/\/showcaseshop.ua\/kitchen-appliances-en-3\/products-en-4\/tea-en-4"},{"children":[],"category_id":"443","name":"The juice","href":"http:\/\/showcaseshop.ua\/kitchen-appliances-en-3\/products-en-4\/the-juice-en-4"},{"children":[],"category_id":"435","name":"Vegetables","href":"http:\/\/showcaseshop.ua\/kitchen-appliances-en-3\/products-en-4\/vegetables-en-4"}],"oct_pages":false,"name":"Products","href":"http:\/\/showcaseshop.ua\/kitchen-appliances-en-3\/products-en-4"},{"children":[],"oct_pages":false,"name":"Sets of dishes","href":"http:\/\/showcaseshop.ua\/kitchen-appliances-en-3\/sets-of-dishes-en-2"}],"column":1,"oct_pages":false,"oct_image":"http:\/\/showcaseshop.ua\/image\/catalog\/remarket\/menu-icons\/teapot.svg","width":32,"height":32,"href":"http:\/\/showcaseshop.ua\/kitchen-appliances-en-3"},{"name":"Laptops and PCs","children":[{"children":[{"children":[],"category_id":"188","name":"Computer Furniture","href":"http:\/\/showcaseshop.ua\/laptops-and-pcs-en-1\/accessories-en-1\/computer-furniture-en-1"},{"children":[],"category_id":"191","name":"Computer Headphones","href":"http:\/\/showcaseshop.ua\/laptops-and-pcs-en-1\/accessories-en-1\/computer-headphones-en-1"},{"children":[],"category_id":"195","name":"Connecting to the Internet (3G \/ 4G)","href":"http:\/\/showcaseshop.ua\/laptops-and-pcs-en-1\/accessories-en-1\/connecting-to-the-internet-3g-4g-en-1"},{"children":[],"category_id":"196","name":"External Hard Drive Cases","href":"http:\/\/showcaseshop.ua\/laptops-and-pcs-en-1\/accessories-en-1\/external-hard-drive-cases-en-1"},{"children":[],"category_id":"187","name":"Flash Drives","href":"http:\/\/showcaseshop.ua\/laptops-and-pcs-en-1\/accessories-en-1\/flash-drives-en-1"},{"children":[],"category_id":"200","name":"Game controls, joysticks and gamepads","href":"http:\/\/showcaseshop.ua\/laptops-and-pcs-en-1\/accessories-en-1\/game-controls-joysticks-and-gamepads-en-1"},{"children":[],"category_id":"199","name":"Graphic Tablets","href":"http:\/\/showcaseshop.ua\/laptops-and-pcs-en-1\/accessories-en-1\/graphic-tablets-en-1"},{"children":[],"category_id":"182","name":"Hard Drives and SSDs","href":"http:\/\/showcaseshop.ua\/laptops-and-pcs-en-1\/accessories-en-1\/hard-drives-and-ssds-en-1"},{"children":[],"category_id":"198","name":"IP Cameras","href":"http:\/\/showcaseshop.ua\/laptops-and-pcs-en-1\/accessories-en-1\/ip-cameras-en-4"},{"children":[],"category_id":"185","name":"Keyboards and Kits","href":"http:\/\/showcaseshop.ua\/laptops-and-pcs-en-1\/accessories-en-1\/keyboards-and-kits-en-1"},{"children":[],"category_id":"184","name":"Mice","href":"http:\/\/showcaseshop.ua\/laptops-and-pcs-en-1\/accessories-en-1\/mice-en-1"},{"children":[],"category_id":"201","name":"Mouse and keyboard Apple","href":"http:\/\/showcaseshop.ua\/laptops-and-pcs-en-1\/accessories-en-1\/mouse-and-keyboard-apple-en-1"},{"children":[],"category_id":"189","name":"Mouse pads","href":"http:\/\/showcaseshop.ua\/laptops-and-pcs-en-1\/accessories-en-1\/mouse-pads-en-1"},{"children":[],"category_id":"193","name":"Networking Adapters for Notebooks","href":"http:\/\/showcaseshop.ua\/laptops-and-pcs-en-1\/accessories-en-1\/networking-adapters-for-notebooks-en-1"},{"children":[],"category_id":"183","name":"Notebook bags","href":"http:\/\/showcaseshop.ua\/laptops-and-pcs-en-1\/accessories-en-1\/notebook-bags-en-1"},{"children":[],"category_id":"194","name":"Other computer accessories","href":"http:\/\/showcaseshop.ua\/laptops-and-pcs-en-1\/accessories-en-1\/other-computer-accessories-en-1"},{"children":[],"category_id":"202","name":"Presenters","href":"http:\/\/showcaseshop.ua\/laptops-and-pcs-en-1\/accessories-en-1\/presenters-en-1"},{"children":[],"category_id":"181","name":"Routers and network equipment","href":"http:\/\/showcaseshop.ua\/laptops-and-pcs-en-1\/accessories-en-1\/routers-and-network-equipment-en-1"},{"children":[],"category_id":"186","name":"Speakers","href":"http:\/\/showcaseshop.ua\/laptops-and-pcs-en-1\/accessories-en-1\/speakers-en-1"},{"children":[],"category_id":"190","name":"Stands for laptops","href":"http:\/\/showcaseshop.ua\/laptops-and-pcs-en-1\/accessories-en-1\/stands-for-laptops-en-1"},{"children":[],"category_id":"197","name":"Uninterruptible power supplies","href":"http:\/\/showcaseshop.ua\/laptops-and-pcs-en-1\/accessories-en-1\/uninterruptible-power-supplies-en-1"},{"children":[],"category_id":"192","name":"Webcams","href":"http:\/\/showcaseshop.ua\/laptops-and-pcs-en-1\/accessories-en-1\/webcams-en-1"}],"oct_pages":false,"name":"Accessories","href":"http:\/\/showcaseshop.ua\/laptops-and-pcs-en-1\/accessories-en-1"},{"children":[{"children":[],"category_id":"171","name":"Apple Adapters","href":"http:\/\/showcaseshop.ua\/laptops-and-pcs-en-1\/apple-computer-hardware-en-2\/apple-adapters-en-2"},{"children":[],"category_id":"163","name":"iMac","href":"http:\/\/showcaseshop.ua\/laptops-and-pcs-en-1\/apple-computer-hardware-en-2\/imac-en-1"},{"children":[],"category_id":"160","name":"MacBook","href":"http:\/\/showcaseshop.ua\/laptops-and-pcs-en-1\/apple-computer-hardware-en-2\/macbook-en-1"},{"children":[],"category_id":"161","name":"MacBook Air","href":"http:\/\/showcaseshop.ua\/laptops-and-pcs-en-1\/apple-computer-hardware-en-2\/macbook-air-en-1"},{"children":[],"category_id":"162","name":"MacBook Pro","href":"http:\/\/showcaseshop.ua\/laptops-and-pcs-en-1\/apple-computer-hardware-en-2\/macbook-pro-en-1"},{"children":[],"category_id":"168","name":"Mouse and keyboard Apple","href":"http:\/\/showcaseshop.ua\/laptops-and-pcs-en-1\/apple-computer-hardware-en-2\/mouse-and-keyboard-apple-en-2"},{"children":[],"category_id":"170","name":"Wireless Access Points Apple","href":"http:\/\/showcaseshop.ua\/laptops-and-pcs-en-1\/apple-computer-hardware-en-2\/wireless-access-points-apple-en-2"}],"oct_pages":false,"name":"Apple Computer Hardware","href":"http:\/\/showcaseshop.ua\/laptops-and-pcs-en-1\/apple-computer-hardware-en-2"},{"children":[{"children":[],"category_id":"150","name":"Apple iMac Monoblocks","href":"http:\/\/showcaseshop.ua\/laptops-and-pcs-en-1\/computers-and-monitors-en-1\/apple-imac-monoblocks-en-1"},{"children":[],"category_id":"145","name":"Apple Mac System Blocks","href":"http:\/\/showcaseshop.ua\/laptops-and-pcs-en-1\/computers-and-monitors-en-1\/apple-mac-system-blocks-en-2"},{"children":[],"category_id":"147","name":"Game Monitors","href":"http:\/\/showcaseshop.ua\/laptops-and-pcs-en-1\/computers-and-monitors-en-1\/game-monitors-en-2"},{"children":[],"category_id":"149","name":"Game monoblocks","href":"http:\/\/showcaseshop.ua\/laptops-and-pcs-en-1\/computers-and-monitors-en-1\/game-monoblocks-en-2"},{"children":[],"category_id":"146","name":"Monitors","href":"http:\/\/showcaseshop.ua\/laptops-and-pcs-en-1\/computers-and-monitors-en-1\/monitors-en-2"},{"children":[],"category_id":"148","name":"Monoblocks","href":"http:\/\/showcaseshop.ua\/laptops-and-pcs-en-1\/computers-and-monitors-en-1\/monoblocks-en-1"},{"children":[],"category_id":"143","name":"System Blocks","href":"http:\/\/showcaseshop.ua\/laptops-and-pcs-en-1\/computers-and-monitors-en-1\/system-blocks-en-2"}],"oct_pages":false,"name":"Computers and Monitors","href":"http:\/\/showcaseshop.ua\/laptops-and-pcs-en-1\/computers-and-monitors-en-1"},{"children":[{"children":[],"category_id":"136","name":"Laptops","href":"http:\/\/showcaseshop.ua\/laptops-and-pcs-en-1\/laptops-en-2\/laptops-en-3"},{"children":[],"category_id":"137","name":"Laptops-transformers","href":"http:\/\/showcaseshop.ua\/laptops-and-pcs-en-1\/laptops-en-2\/laptops-transformers-en-3"}],"oct_pages":false,"name":"Laptops","href":"http:\/\/showcaseshop.ua\/laptops-and-pcs-en-1\/laptops-en-2"},{"children":[{"children":[],"category_id":"176","name":"Cartridges","href":"http:\/\/showcaseshop.ua\/laptops-and-pcs-en-1\/peripheral-devices-en-3\/cartridges-en-3"},{"children":[],"category_id":"174","name":"Compact photo printers","href":"http:\/\/showcaseshop.ua\/laptops-and-pcs-en-1\/peripheral-devices-en-3\/compact-photo-printers-en-3"},{"children":[],"category_id":"175","name":"Multifunctional devices","href":"http:\/\/showcaseshop.ua\/laptops-and-pcs-en-1\/peripheral-devices-en-3\/multifunctional-devices-en-3"},{"children":[],"category_id":"177","name":"Paper","href":"http:\/\/showcaseshop.ua\/laptops-and-pcs-en-1\/peripheral-devices-en-3\/paper-en-3"},{"children":[],"category_id":"173","name":"Printers","href":"http:\/\/showcaseshop.ua\/laptops-and-pcs-en-1\/peripheral-devices-en-3\/printers-en-3"},{"children":[],"category_id":"178","name":"Scanners","href":"http:\/\/showcaseshop.ua\/laptops-and-pcs-en-1\/peripheral-devices-en-3\/scanners-en-3"},{"children":[],"category_id":"179","name":"Shredders","href":"http:\/\/showcaseshop.ua\/laptops-and-pcs-en-1\/peripheral-devices-en-3\/shredders-en-3"}],"oct_pages":false,"name":"Peripheral devices","href":"http:\/\/showcaseshop.ua\/laptops-and-pcs-en-1\/peripheral-devices-en-3"},{"children":[{"children":[],"category_id":"158","name":"Accessories for e-books","href":"http:\/\/showcaseshop.ua\/laptops-and-pcs-en-1\/tablets-and-e-books-en-3\/accessories-for-e-books-en-3"},{"children":[],"category_id":"156","name":"Accessories for tablets","href":"http:\/\/showcaseshop.ua\/laptops-and-pcs-en-1\/tablets-and-e-books-en-3\/accessories-for-tablets-en-3"},{"children":[],"category_id":"153","name":"Apple Tablets","href":"http:\/\/showcaseshop.ua\/laptops-and-pcs-en-1\/tablets-and-e-books-en-3\/apple-tablets-en-3"},{"children":[],"category_id":"157","name":"E-books","href":"http:\/\/showcaseshop.ua\/laptops-and-pcs-en-1\/tablets-and-e-books-en-3\/e-books-en-3"},{"children":[],"category_id":"152","name":"Tablets","href":"http:\/\/showcaseshop.ua\/laptops-and-pcs-en-1\/tablets-and-e-books-en-3\/tablets-en-3"},{"children":[],"category_id":"154","name":"Tablets on Android","href":"http:\/\/showcaseshop.ua\/laptops-and-pcs-en-1\/tablets-and-e-books-en-3\/tablets-on-android-en-3"},{"children":[],"category_id":"155","name":"Tablets on Windows","href":"http:\/\/showcaseshop.ua\/laptops-and-pcs-en-1\/tablets-and-e-books-en-3\/tablets-on-windows-en-3"}],"oct_pages":false,"name":"Tablets and e-books","href":"http:\/\/showcaseshop.ua\/laptops-and-pcs-en-1\/tablets-and-e-books-en-3"}],"column":1,"oct_pages":false,"oct_image":"http:\/\/showcaseshop.ua\/image\/catalog\/remarket\/menu-icons\/computer.svg","width":32,"height":32,"href":"http:\/\/showcaseshop.ua\/laptops-and-pcs-en-1"},{"name":"Watches","children":[{"children":[],"oct_pages":false,"name":"Ladies Watches","href":"http:\/\/showcaseshop.ua\/watches-en-4\/ladies-watches-en-4"},{"children":[],"oct_pages":false,"name":"Men's Watches","href":"http:\/\/showcaseshop.ua\/watches-en-4\/mens-watches-en-4"}],"column":1,"oct_pages":false,"oct_image":"http:\/\/showcaseshop.ua\/image\/catalog\/remarket\/menu-icons\/watch.svg","width":32,"height":32,"href":"http:\/\/showcaseshop.ua\/watches-en-4"}]